image_key,YOLO_IoU,YOLO_Dice,YOLO_Pointing,YOLO_LesionRecall50,YOLO_GT_Count,YOLO_Pred_Count,image_name,target,prediction,correct,probability,GradCAM_IoU,GradCAM_Dice,GradCAM_Pointing,GradCAM_Energy,GradCAMPP_IoU,GradCAMPP_Dice,GradCAMPP_Pointing,GradCAMPP_Energy,image_path,image_width,image_height,lesion_count,mean_lesion_area_fraction,max_lesion_area_fraction,total_lesion_area_fraction,brightness,contrast,sharpness,entropy,lesion_count_group,lesion_size_group,brightness_group,contrast_group,sharpness_group,entropy_group,YOLO_failure_IoU50,YOLO_complete_miss,GradCAM_zero_overlap,GradCAMPP_zero_overlap
tb0005,0.0,0.0,0.0,0.0,1,0,tb0005.png,0,1,False,0.5030554895808559,0.0,0.0,0,0.0035154342,0.0,0.0,0,0.0036138576,/kaggle/working/TB_XAI_CleanSplit/images/test/tb0005.png,512,512,1,0.006840535283999998,0.006840535283999998,0.006840535283999998,146.42678833007812,71.61126590414841,205.01916297501884,7.532400131225586,1 lesion,Small,Bright,Medium contrast,Medium sharpness,High entropy,True,True,True,True
tb0040,0.7250112265718586,0.8405872557857894,1.0,1.0,1,1,tb0040.png,0,1,False,0.5134727777774717,0.0,0.0,0,0.04063146,0.0,0.0,0,0.00034059887,/kaggle/working/TB_XAI_CleanSplit/images/test/tb0040.png,512,512,1,0.049139166264,0.049139166264,0.049139166264,132.84057235717773,77.95274139243902,312.308310508728,7.532087326049805,1 lesion,Medium,Medium brightness,High contrast,High sharpness,Medium entropy,False,False,True,True
tb0043,0.0,0.0,0.0,0.0,2,0,tb0043.png,1,0,False,0.4842211648024563,0.0533165195460277,0.1012355138396705,0,0.07992744,0.097778230737872,0.178138403550142,0,0.12673633,/kaggle/working/TB_XAI_CleanSplit/images/test/tb0043.png,512,512,2,0.030996922088999998,0.03575120438300001,0.061993844177999996,131.6462287902832,65.99478113208758,81.19520651722269,7.350653171539307,2 lesions,Small,Medium brightness,Low contrast,Low sharpness,Low entropy,True,True,False,False
tb0050,0.3147939107469508,0.3863478931235113,1.0,0.5,2,1,tb0050.png,1,1,True,0.514928211183197,0.0,0.0,0,0.02224549,0.046266534198274,0.0884412005660236,0,0.06813811,/kaggle/working/TB_XAI_CleanSplit/images/test/tb0050.png,512,512,2,0.027065713412999997,0.03754363942799999,0.054131426825999994,146.07518768310547,75.88776894958637,173.27969959005713,7.458798408508301,2 lesions,Small,Bright,High contrast,Medium sharpness,Medium entropy,True,False,True,False
tb0051,0.0,0.0,0.0,0.0,2,0,tb0051.png,1,0,False,0.4710771250289318,0.0,0.0,0,0.05285623,0.0284023668639053,0.0552359033371691,0,0.08447945,/kaggle/working/TB_XAI_CleanSplit/images/test/tb0051.png,512,512,2,0.05636705603850001,0.05685366069000001,0.11273411207700001,105.91296005249023,66.26420133024676,86.05386936891591,7.233199119567871,2 lesions,Medium,Dark,Low contrast,Low sharpness,Low entropy,True,True,True,False
tb0079,0.7972836987324319,0.8870418691358619,1.0,1.0,2,2,tb0079.png,1,0,False,0.4194802670491138,0.150983519404572,0.2623556581986143,1,0.2860927,0.0893622148441683,0.1640633640977744,0,0.16888432,/kaggle/working/TB_XAI_CleanSplit/images/test/tb0079.png,512,512,2,0.06531656709700001,0.07774230687500003,0.13063313419400002,137.39965438842773,73.79588231352793,249.9513082036283,7.604165077209473,2 lesions,Medium,Medium brightness,High contrast,High sharpness,High entropy,False,False,False,False
tb0080,0.6811729078183748,0.8103543718204685,1.0,1.0,1,3,tb0080.png,0,0,True,0.481151820047368,0.070146696043538,0.1310973463785457,0,0.23796797,0.0233504995818477,0.0456353900083872,0,0.21968837,/kaggle/working/TB_XAI_CleanSplit/images/test/tb0080.png,512,512,1,0.134002118367,0.134002118367,0.134002118367,157.44507217407227,59.60114664005983,374.29891044594115,7.4579877853393555,1 lesion,Large,Bright,Low contrast,High sharpness,Medium entropy,False,False,False,False
tb0083,0.7641816849305113,0.866329915402802,1.0,1.0,1,2,tb0083.png,0,1,False,0.5103245561854639,0.130754607818828,0.231269644031869,0,0.120952316,0.0,0.0,0,0.042115968,/kaggle/working/TB_XAI_CleanSplit/images/test/tb0083.png,512,512,1,0.09415365909500001,0.09415365909500001,0.09415365909500001,116.53505325317383,66.50665077554486,390.0726851655491,7.1998090744018555,1 lesion,Large,Dark,Low contrast,High sharpness,Low entropy,False,False,False,True
tb0084,0.7242401194369654,0.8400687482825295,1.0,1.0,1,1,tb0084.png,0,1,False,0.5144285188561757,0.0336047711893565,0.0650244118952507,0,0.09964289,0.0101084845201442,0.0200146512479723,0,0.050664525,/kaggle/working/TB_XAI_CleanSplit/images/test/tb0084.png,512,512,1,0.08350076181599997,0.08350076181599997,0.08350076181599997,149.05480575561523,74.67859869500175,195.92252359486884,7.40833044052124,1 lesion,Large,Bright,High contrast,Medium sharpness,Medium entropy,False,False,False,False
tb0085,0.3907853289585207,0.5619635479634479,1.0,0.0,1,1,tb0085.png,0,1,False,0.5537981591916162,0.0108466405543838,0.0214605067064083,0,0.02776636,0.0,0.0,0,0.012937806,/kaggle/working/TB_XAI_CleanSplit/images/test/tb0085.png,512,512,1,0.04456017371799998,0.04456017371799998,0.04456017371799998,156.0127410888672,66.96481975163344,248.95945300109452,7.525135040283203,1 lesion,Medium,Bright,Low contrast,High sharpness,Medium entropy,True,False,False,True
tb0104,0.6669447208275167,0.7967675139901861,1.0,1.0,2,3,tb0104.png,1,1,True,0.5039438504521514,0.0006041915790798,0.0012076535040821,0,0.14087796,0.1589235250103578,0.274260590247208,0,0.17929691,/kaggle/working/TB_XAI_CleanSplit/images/test/tb0104.png,512,512,2,0.090724548451,0.12102205611299999,0.181449096902,74.37289428710938,56.91658571660634,72.3231812929589,7.130172252655029,2 lesions,Large,Dark,Low contrast,Low sharpness,Low entropy,False,False,False,False
tb0124,0.8604582824135132,0.9249960512925536,1.0,1.0,1,1,tb0124.png,0,1,False,0.5211025384283672,0.0,0.0,0,0.011494078,0.006138407750407,0.0122019151701636,0,0.023145068,/kaggle/working/TB_XAI_CleanSplit/images/test/tb0124.png,512,512,1,0.036677158167000005,0.036677158167000005,0.036677158167000005,146.73032760620117,60.44577045677197,142.5251152975834,7.501979827880859,1 lesion,Small,Bright,Low contrast,Medium sharpness,Medium entropy,False,False,True,False
tb0128,0.0,0.0,0.0,0.0,1,0,tb0128.png,0,1,False,0.4981490614153839,0.0,0.0,0,0.013441709,0.0469757273389764,0.0897360389784226,0,0.04534589,/kaggle/working/TB_XAI_CleanSplit/images/test/tb0128.png,512,512,1,0.023283950802999998,0.023283950802999998,0.023283950802999998,160.68917846679688,65.89201063722963,195.38076134206494,7.5081682205200195,1 lesion,Small,Bright,Low contrast,Medium sharpness,Medium entropy,True,True,True,False
tb0146,0.0,0.0,0.0,0.0,1,0,tb0146.png,0,0,True,0.4683536255229943,0.0,0.0,0,0.0038485385,0.0001753975678203,0.0003507336178172,0,0.0045459243,/kaggle/working/TB_XAI_CleanSplit/images/test/tb0146.png,512,512,1,0.0026378363640000013,0.0026378363640000013,0.0026378363640000013,142.07603073120117,74.6603491207551,182.18535084067844,7.527387619018555,1 lesion,Small,Bright,High contrast,Medium sharpness,Medium entropy,True,True,True,False
tb0154,0.0,0.0,0.0,0.0,2,0,tb0154.png,1,0,False,0.4931258306775956,0.0,0.0,0,0.022644332,0.0075940899879989,0.0150737088743532,0,0.068602756,/kaggle/working/TB_XAI_CleanSplit/images/test/tb0154.png,512,512,2,0.025190223321,0.034302977982,0.050380446642,137.96091842651367,74.75648359699375,225.39898599403386,7.587759971618652,2 lesions,Small,Medium brightness,High contrast,Medium sharpness,High entropy,True,True,True,False
tb0163,0.8155875501470764,0.8984282251561018,1.0,1.0,1,1,tb0163.png,0,0,True,0.4677863326668411,0.2351663045295002,0.3807848443843031,1,0.14176615,0.0068433145445228,0.013593603782568,0,0.024941916,/kaggle/working/TB_XAI_CleanSplit/images/test/tb0163.png,512,512,1,0.03966359999999999,0.03966359999999999,0.03966359999999999,136.06914520263672,78.17050458645082,264.88200205178873,7.306306838989258,1 lesion,Small,Medium brightness,High contrast,High sharpness,Low entropy,False,False,False,False
tb0164,0.368349685227348,0.538385310719968,1.0,0.0,1,2,tb0164.png,0,0,True,0.4716944709773564,0.2435577073246915,0.3917111459968603,0,0.07381629,0.0085454108473308,0.0169460110678634,0,0.01672317,/kaggle/working/TB_XAI_CleanSplit/images/test/tb0164.png,512,512,1,0.012660762113999996,0.012660762113999996,0.012660762113999996,130.60139846801758,81.00897069935009,197.20006468250358,7.359174728393555,1 lesion,Small,Medium brightness,High contrast,Medium sharpness,Low entropy,True,False,False,False
tb0166,0.5652289033375999,0.7222316200938275,1.0,1.0,1,1,tb0166.png,0,0,True,0.4574196412422976,0.0464539543323756,0.0887835611687523,0,0.07000478,0.0061717561717561,0.012267798482514,0,0.02981287,/kaggle/working/TB_XAI_CleanSplit/images/test/tb0166.png,512,512,1,0.04431854388800001,0.04431854388800001,0.04431854388800001,118.42456436157227,70.41289572568834,80.87719791672134,7.270977020263672,1 lesion,Medium,Dark,Medium contrast,Low sharpness,Low entropy,False,False,False,False
tb0176,0.8153299185487656,0.8982718901042154,1.0,1.0,1,1,tb0176.png,0,0,True,0.4712609550412916,0.0,0.0,0,0.05144623,0.0,0.0,0,0.024089688,/kaggle/working/TB_XAI_CleanSplit/images/test/tb0176.png,512,512,1,0.06016365373799999,0.06016365373799999,0.06016365373799999,130.1512794494629,68.54883370971388,57.652605898547336,7.012053489685059,1 lesion,Medium,Medium brightness,Medium contrast,Low sharpness,Low entropy,False,False,True,True
tb0201,0.6513738467853933,0.7887866143091145,1.0,1.0,2,3,tb0201.png,1,1,True,0.5216466482615844,0.0,0.0,0,0.060978085,0.0322129392015744,0.0624152981970783,0,0.07876381,/kaggle/working/TB_XAI_CleanSplit/images/test/tb0201.png,512,512,2,0.06076321158449999,0.06501101275599998,0.12152642316899998,110.66152954101562,64.39612880566364,194.98368350736564,7.385265827178955,2 lesions,Medium,Dark,Low contrast,Medium sharpness,Medium entropy,False,False,True,False
tb0212,0.4649074741491277,0.4818156005673925,1.0,0.5,2,1,tb0212.png,1,0,False,0.4782345025398668,0.0516735050923708,0.0982691012793599,0,0.13493305,0.0300764072381788,0.0583964588002148,0,0.0705263,/kaggle/working/TB_XAI_CleanSplit/images/test/tb0212.png,512,512,2,0.051975923453,0.078927252586,0.103951846906,112.5678825378418,68.24603148245058,112.30298105621478,7.567633628845215,2 lesions,Medium,Dark,Medium contrast,Medium sharpness,High entropy,True,False,False,False
tb0223,0.0,0.0,0.0,0.0,1,0,tb0223.png,0,0,True,0.4560011612375873,0.0,0.0,0,0.031589374,0.0047009907665798,0.0093579897099396,0,0.018461589,/kaggle/working/TB_XAI_CleanSplit/images/test/tb0223.png,512,512,1,0.025603269396000005,0.025603269396000005,0.025603269396000005,126.90842819213867,74.90082882316275,172.13267362372426,7.540075778961182,1 lesion,Small,Dark,High contrast,Medium sharpness,High entropy,True,True,True,False
tb0239,0.6459266928344627,0.7848790540265284,1.0,1.0,1,1,tb0239.png,0,1,False,0.5484238601912562,0.1105285973610772,0.1990558327335716,0,0.11114342,0.0101371768703604,0.0200708915630009,0,0.039954327,/kaggle/working/TB_XAI_CleanSplit/images/test/tb0239.png,512,512,1,0.06859885360099999,0.06859885360099999,0.06859885360099999,115.29263687133789,67.31733061329068,63.36118034050742,7.500567436218262,1 lesion,Medium,Dark,Low contrast,Low sharpness,Medium entropy,False,False,False,False
tb0242,0.8093503652469906,0.8946308916089979,1.0,1.0,1,1,tb0242.png,0,0,True,0.4376204052372989,9.180839587780305e-05,0.00018359993574,0,0.025908133,0.0026424414086112,0.0052709546284493,0,0.016884243,/kaggle/working/TB_XAI_CleanSplit/images/test/tb0242.png,512,512,1,0.05992363342699998,0.05992363342699998,0.05992363342699998,124.22186279296875,67.38710296745882,75.18543112486077,7.235893726348877,1 lesion,Medium,Dark,Medium contrast,Low sharpness,Low entropy,False,False,False,False
tb0252,0.6994326467161592,0.8231366486546956,1.0,1.0,1,1,tb0252.png,0,0,True,0.4726842894776566,0.0194203989461799,0.0381008639149376,0,0.046687774,0.0395381734140899,0.0760687282588905,0,0.047891594,/kaggle/working/TB_XAI_CleanSplit/images/test/tb0252.png,512,512,1,0.05128230738399997,0.05128230738399997,0.05128230738399997,94.78575897216797,68.01980700077097,95.36627965793014,7.023313522338867,1 lesion,Medium,Dark,Medium contrast,Low sharpness,Low entropy,False,False,False,False
tb0283,0.32728665699019,0.3956145723187591,1.0,0.5,2,2,tb0283.png,1,1,True,0.5584426469062485,0.0305961773623465,0.0593756857135891,1,0.32879236,0.0750570943374129,0.1396336896575202,0,0.32155466,/kaggle/working/TB_XAI_CleanSplit/images/test/tb0283.png,512,512,2,0.21188224532500002,0.23210174997600003,0.42376449065000005,141.90917587280273,73.9360557942225,257.88955377227103,7.543998718261719,2 lesions,Large,Bright,High contrast,High sharpness,High entropy,True,False,False,False
tb0286,0.6587611990926566,0.793138728199905,1.0,1.0,2,2,tb0286.png,1,0,False,0.4196052867228858,0.2086353980510503,0.3452412504010378,0,0.20073731,0.1013589328013963,0.1840615802580937,0,0.20719482,/kaggle/working/TB_XAI_CleanSplit/images/test/tb0286.png,512,512,2,0.04664722649900002,0.04941546764800005,0.09329445299800004,143.97511672973633,57.4639481243624,82.4038123885257,7.196445465087891,2 lesions,Medium,Bright,Low contrast,Low sharpness,Low entropy,False,False,False,False
tb0293,0.4152911351965432,0.4537257264131226,1.0,0.5,2,1,tb0293.png,1,1,True,0.5665498971067346,0.0,0.0,0,0.019996282,0.0,0.0,0,0.024227457,/kaggle/working/TB_XAI_CleanSplit/images/test/tb0293.png,512,512,2,0.03824864275650001,0.07248632388800001,0.07649728551300002,137.62437438964844,76.36480202519762,194.89819224573148,7.498631477355957,2 lesions,Small,Medium brightness,High contrast,Medium sharpness,Medium entropy,True,False,True,True
tb0313,0.9085949164443128,0.9521087042786566,1.0,1.0,1,1,tb0313.png,0,0,True,0.4926197602822806,0.1529590088308949,0.2653329522720777,1,0.3524822,0.0288097154144414,0.0560059163182296,0,0.14688745,/kaggle/working/TB_XAI_CleanSplit/images/test/tb0313.png,512,512,1,0.16462529366400003,0.16462529366400003,0.16462529366400003,143.02270126342773,67.56439956986503,306.4390684792306,7.428622245788574,1 lesion,Large,Bright,Medium contrast,High sharpness,Medium entropy,False,False,False,False
tb0321,0.7009522113380902,0.8241880126504803,1.0,1.0,1,1,tb0321.png,0,0,True,0.3892501572270337,0.0861419300816412,0.158620025055411,0,0.08108947,0.1119485628336721,0.2013556500282427,0,0.09356942,/kaggle/working/TB_XAI_CleanSplit/images/test/tb0321.png,512,512,1,0.04194515625,0.04194515625,0.04194515625,132.0124969482422,56.839570433317476,100.3512495830073,7.1820807456970215,1 lesion,Small,Medium brightness,Low contrast,Low sharpness,Low entropy,False,False,False,False
tb0329,0.8602230105520634,0.9248600900778802,1.0,1.0,1,1,tb0329.png,0,1,False,0.5461496479136126,8.974042581832051e-05,0.0001794647463938,0,0.024760664,0.0,0.0,0,0.0065184915,/kaggle/working/TB_XAI_CleanSplit/images/test/tb0329.png,512,512,1,0.047078863982000015,0.047078863982000015,0.047078863982000015,120.10649108886719,58.666562090234564,493.09338306878635,7.363601207733154,1 lesion,Medium,Dark,Low contrast,High sharpness,Medium entropy,False,False,False,True
tb0342,0.6097858603063947,0.757598728305804,1.0,1.0,1,1,tb0342.png,0,0,True,0.4327641877792781,0.1481871155713823,0.2581236343131035,0,0.09895823,0.0834986303957684,0.1541278005404934,0,0.08224384,/kaggle/working/TB_XAI_CleanSplit/images/test/tb0342.png,512,512,1,0.03928519268,0.03928519268,0.03928519268,117.7616195678711,59.97929672384757,347.7312461415858,7.553418159484863,1 lesion,Small,Dark,Low contrast,High sharpness,High entropy,False,False,False,False
tb0346,0.5416369134585661,0.7026776651882803,1.0,1.0,1,1,tb0346.png,0,0,True,0.4631340097691367,0.0757128395478319,0.1407677528133945,0,0.16887768,0.0057963146297065,0.0115258219689152,0,0.07749776,/kaggle/working/TB_XAI_CleanSplit/images/test/tb0346.png,512,512,1,0.10896011874999999,0.10896011874999999,0.10896011874999999,127.8583869934082,69.11688399725148,77.36067070480203,7.101902961730957,1 lesion,Large,Medium brightness,Medium contrast,Low sharpness,Low entropy,False,False,False,False
tb0372,0.9446503159009856,0.9715374616986756,1.0,1.0,1,1,tb0372.png,0,1,False,0.525269455026622,0.0,0.0,0,0.0018760178,0.0,0.0,0,0.018314935,/kaggle/working/TB_XAI_CleanSplit/images/test/tb0372.png,512,512,1,0.03689264808,0.03689264808,0.03689264808,148.30300903320312,68.85227514943023,224.06136851698102,7.606269836425781,1 lesion,Small,Bright,Medium contrast,Medium sharpness,High entropy,False,False,True,True
tb0376,0.4408648134262143,0.4685740258696457,1.0,0.5,2,1,tb0376.png,1,0,False,0.4753681580364549,0.0380248833592535,0.0732639148999925,0,0.17740075,0.0447019594248832,0.0855783968271525,0,0.11680469,/kaggle/working/TB_XAI_CleanSplit/images/test/tb0376.png,512,512,2,0.044904368105999994,0.048811749999999994,0.08980873621199999,132.88240814208984,72.99897987785309,54.832256011184654,7.006209373474121,2 lesions,Medium,Medium brightness,High contrast,Low sharpness,Low entropy,True,False,False,False
tb0378,0.3157793127481745,0.387089140179819,1.0,0.5,2,1,tb0378.png,1,1,True,0.5318899252480271,0.0566390090537314,0.107205977762366,0,0.09362358,0.0170589633856395,0.0335456723744959,0,0.045971688,/kaggle/working/TB_XAI_CleanSplit/images/test/tb0378.png,512,512,2,0.031396892961000004,0.048137062974,0.06279378592200001,131.35799407958984,72.47958617232267,228.60578785836697,7.630112648010254,2 lesions,Small,Medium brightness,High contrast,High sharpness,High entropy,True,False,False,False
tb0380,0.7412521257049937,0.851401258625746,1.0,1.0,1,2,tb0380.png,0,1,False,0.5268399615250842,0.0408251691018944,0.0784476976803348,0,0.06481733,0.0077949613369917,0.0154693397685786,0,0.06048646,/kaggle/working/TB_XAI_CleanSplit/images/test/tb0380.png,512,512,1,0.06621427282000003,0.06621427282000003,0.06621427282000003,127.1032943725586,80.69804952774365,200.83830954128643,7.388279438018799,1 lesion,Medium,Medium brightness,High contrast,Medium sharpness,Medium entropy,False,False,False,False
tb0382,0.2095047020305192,0.3464305705943966,1.0,0.0,1,1,tb0382.png,0,0,True,0.4890875858311257,0.0,0.0,0,0.03802063,0.0377072600545478,0.0726741760534,0,0.033636775,/kaggle/working/TB_XAI_CleanSplit/images/test/tb0382.png,512,512,1,0.02310277318200001,0.02310277318200001,0.02310277318200001,134.64777755737305,71.36983740540198,230.45508447941393,7.612843036651611,1 lesion,Small,Medium brightness,Medium contrast,High sharpness,High entropy,True,False,True,False
tb0390,0.7650834994289641,0.8633061913870854,1.0,1.0,2,2,tb0390.png,1,1,True,0.5604026173296266,0.0178130282147965,0.0350025549310168,0,0.094239764,0.0,0.0,0,0.11386412,/kaggle/working/TB_XAI_CleanSplit/images/test/tb0390.png,512,512,2,0.07432123247599999,0.08550107167599999,0.14864246495199998,138.62782287597656,74.78094135253751,231.4690964473266,7.642636299133301,2 lesions,Large,Bright,High contrast,High sharpness,High entropy,False,False,False,True
tb0398,0.8388603620066613,0.91219849998112,1.0,1.0,2,3,tb0398.png,1,0,False,0.4771302049499115,0.0946469820226976,0.1729269501073453,1,0.42822227,0.0345528699815926,0.0667976881301531,0,0.18683648,/kaggle/working/TB_XAI_CleanSplit/images/test/tb0398.png,512,512,2,0.0920040962145,0.132660224172,0.184008192429,137.18088150024414,65.65952391683672,83.5910882223252,7.074597358703613,2 lesions,Large,Medium brightness,Low contrast,Low sharpness,Low entropy,False,False,False,False
tb0435,0.836973946625911,0.9099078388841236,1.0,1.0,2,3,tb0435.png,1,1,True,0.5126683500453441,0.026233336576822,0.0511254811977319,1,0.44409496,0.1235103716262807,0.2198651205106358,1,0.4343985,/kaggle/working/TB_XAI_CleanSplit/images/test/tb0435.png,512,512,2,0.190294033869,0.19329942340800002,0.380588067738,141.5681915283203,70.79777539438913,221.01956434710883,7.645238876342773,2 lesions,Large,Bright,Medium contrast,Medium sharpness,High entropy,False,False,False,False
tb0472,0.6325704621255581,0.7723143770769455,1.0,1.0,2,2,tb0472.png,1,0,False,0.4709057087721592,0.0630331458458728,0.1185911203092662,0,0.32283142,0.0469375671145991,0.0896664110429447,0,0.09660111,/kaggle/working/TB_XAI_CleanSplit/images/test/tb0472.png,512,512,2,0.07861756788099997,0.08045771485799996,0.15723513576199993,129.1772804260254,68.0132315678333,93.16603953199228,7.4583563804626465,2 lesions,Large,Medium brightness,Medium contrast,Low sharpness,Medium entropy,False,False,False,False
tb0487,0.5354209143402738,0.6974255845281733,1.0,1.0,1,1,tb0487.png,0,0,True,0.4504233582915293,0.0,0.0,0,0.00494247,0.0260299241647878,0.0507391130643228,0,0.031764243,/kaggle/working/TB_XAI_CleanSplit/images/test/tb0487.png,512,512,1,0.029405113230000005,0.029405113230000005,0.029405113230000005,90.33615112304688,69.99696644239873,101.1002027951181,7.192146301269531,1 lesion,Small,Dark,Medium contrast,Low sharpness,Low entropy,False,False,True,False
tb0497,0.8355798472471261,0.9086789786422184,1.0,1.0,2,2,tb0497.png,1,1,True,0.4986412763061204,0.0510667271901951,0.0971712373137551,0,0.25680086,0.0,0.0,0,0.08476644,/kaggle/working/TB_XAI_CleanSplit/images/test/tb0497.png,512,512,2,0.10892675855900001,0.11159628124000001,0.21785351711800002,136.71113967895508,64.13652823200002,102.42183808328991,7.404289245605469,2 lesions,Large,Medium brightness,Low contrast,Low sharpness,Medium entropy,False,False,False,True
tb0506,0.2383143701985238,0.3227817035911735,1.0,0.0,2,1,tb0506.png,1,1,True,0.5603738881532808,0.0,0.0,0,0.020122055,0.006444361183964,0.0128061946243764,0,0.027071258,/kaggle/working/TB_XAI_CleanSplit/images/test/tb0506.png,512,512,2,0.0240588183615,0.043862012927999995,0.048117636723,124.3309097290039,80.4789085219904,237.55709405051311,7.24078369140625,2 lesions,Small,Dark,High contrast,High sharpness,Low entropy,True,False,True,False
tb0512,0.6165986955767389,0.7305752355756363,1.0,0.5,2,2,tb0512.png,1,0,False,0.4473026262076741,0.0937858566338547,0.17148851590106,1,0.34750482,0.2746425470650943,0.4309326527620903,1,0.32386467,/kaggle/working/TB_XAI_CleanSplit/images/test/tb0512.png,512,512,2,0.08868973864900001,0.1069834418,0.17737947729800002,129.10200881958008,75.0091778335845,77.62388622025901,7.221205234527588,2 lesions,Large,Medium brightness,High contrast,Low sharpness,Low entropy,False,False,False,False
tb0523,0.6734826753014524,0.8033764791140663,1.0,1.0,2,2,tb0523.png,1,0,False,0.4479078695774067,0.0,0.0,0,0.20212434,0.0623020920728571,0.1172963746146595,0,0.1727099,/kaggle/working/TB_XAI_CleanSplit/images/test/tb0523.png,512,512,2,0.06398254717900001,0.06735187098800001,0.12796509435800002,132.15449905395508,68.49126433293458,63.03481001824548,7.365035533905029,2 lesions,Medium,Medium brightness,Medium contrast,Low sharpness,Medium entropy,False,False,True,False
tb0530,0.3926542832486182,0.4398727375391507,1.0,0.5,2,1,tb0530.png,1,1,True,0.508142531055316,0.0514845863531612,0.0979274199952354,0,0.12262118,0.0155237707739976,0.0305729343236662,0,0.121643424,/kaggle/working/TB_XAI_CleanSplit/images/test/tb0530.png,512,512,2,0.07218234108249999,0.07458765023699998,0.14436468216499998,128.06482696533203,71.21750337027501,76.51096649152169,7.37571907043457,2 lesions,Large,Medium brightness,Medium contrast,Low sharpness,Medium entropy,True,False,False,False
tb0533,0.8819796315206152,0.9372892424005536,1.0,1.0,1,1,tb0533.png,0,1,False,0.5087304207600556,0.0464094535905464,0.0887022827083635,0,0.1240728,0.0208990943038105,0.0409425268773745,0,0.10681198,/kaggle/working/TB_XAI_CleanSplit/images/test/tb0533.png,512,512,1,0.12459214094599999,0.12459214094599999,0.12459214094599999,130.96524810791016,64.47451211834998,141.50522153636848,7.487774848937988,1 lesion,Large,Medium brightness,Low contrast,Medium sharpness,Medium entropy,False,False,False,False
tb0555,0.0,0.0,0.0,0.0,1,0,tb0555.png,0,1,False,0.5128292837770215,0.0,0.0,0,0.02913343,0.0132154468692255,0.0260861535620296,0,0.05372121,/kaggle/working/TB_XAI_CleanSplit/images/test/tb0555.png,512,512,1,0.03878442201599999,0.03878442201599999,0.03878442201599999,150.19485473632812,73.36307073369038,206.3525309318211,7.492531776428223,1 lesion,Small,Bright,High contrast,Medium sharpness,Medium entropy,True,True,True,False
tb0579,0.7731081242057625,0.8720372025276968,1.0,1.0,1,1,tb0579.png,0,1,False,0.5114569270507071,0.0,0.0,0,0.03279425,0.0,0.0,0,0.026102645,/kaggle/working/TB_XAI_CleanSplit/images/test/tb0579.png,512,512,1,0.045912862515,0.045912862515,0.045912862515,104.15022277832031,70.77988733261073,108.25369979078823,7.556498050689697,1 lesion,Medium,Dark,Medium contrast,Low sharpness,High entropy,False,False,True,True
tb0587,0.8709871348684473,0.9308823985264364,1.0,1.0,2,3,tb0587.png,1,1,True,0.5897505280276154,0.0,0.0,0,0.063171916,0.0007671891847059,0.0015332021133326,0,0.085907646,/kaggle/working/TB_XAI_CleanSplit/images/test/tb0587.png,512,512,2,0.081815695041,0.11193295974600001,0.163631390082,136.56597137451172,76.9879280904929,202.33231860003434,7.558810710906982,2 lesions,Large,Medium brightness,High contrast,Medium sharpness,High entropy,False,False,True,False
tb0595,0.5400233540176289,0.7005506494928486,1.0,1.0,2,2,tb0595.png,1,0,False,0.4753101767605347,0.0976602092820739,0.177942515281571,0,0.26920384,0.049123520244698,0.0936467809495691,0,0.16232266,/kaggle/working/TB_XAI_CleanSplit/images/test/tb0595.png,512,512,2,0.09065580008999997,0.11621984048999995,0.18131160017999995,126.29694747924805,82.66418805933004,169.46864490117878,6.870465278625488,2 lesions,Large,Dark,High contrast,Medium sharpness,Low entropy,False,False,False,False
tb0617,0.7960359951864673,0.8864365717835422,1.0,1.0,1,1,tb0617.png,0,0,True,0.4777305812035464,0.0017574692442882,0.0035087719298245,0,0.021191053,0.0,0.0,0,0.0130643565,/kaggle/working/TB_XAI_CleanSplit/images/test/tb0617.png,512,512,1,0.022228443160000003,0.022228443160000003,0.022228443160000003,117.40929794311523,81.03277333131524,239.29370445176028,7.211112022399902,1 lesion,Small,Dark,High contrast,High sharpness,Low entropy,False,False,False,True
tb0618,0.3093014598338398,0.3821832471392594,1.0,0.5,2,1,tb0618.png,1,0,False,0.4649764900244835,0.0776962097104508,0.1441894459874287,0,0.10411099,0.1241152573606399,0.2208230100035394,0,0.14944817,/kaggle/working/TB_XAI_CleanSplit/images/test/tb0618.png,512,512,2,0.037587879771999996,0.03779701618399999,0.07517575954399999,137.2625961303711,66.73215452972832,72.59574122633785,7.004979610443115,2 lesions,Small,Medium brightness,Low contrast,Low sharpness,Low entropy,True,False,False,False
tb0621,0.6619892794899258,0.7966228033589894,1.0,1.0,1,1,tb0621.png,0,1,False,0.5342001428398411,0.1029537671232876,0.1866873665825732,0,0.14361916,0.0710772754833928,0.1327210969933324,0,0.09489402,/kaggle/working/TB_XAI_CleanSplit/images/test/tb0621.png,512,512,1,0.07564746419999999,0.07564746419999999,0.07564746419999999,128.98226165771484,69.82875333605715,228.7589643108513,7.68602180480957,1 lesion,Large,Medium brightness,Medium contrast,High sharpness,High entropy,False,False,False,False
tb0628,0.6255697259788697,0.7652627882891687,1.0,1.0,2,2,tb0628.png,1,1,True,0.5129523436452198,0.0053474306433675,0.0106379754508258,0,0.082437,0.0594275984019909,0.1121881259118221,1,0.1546715,/kaggle/working/TB_XAI_CleanSplit/images/test/tb0628.png,512,512,2,0.06957673004199999,0.09623712392399998,0.13915346008399998,143.27369689941406,69.45405879165165,206.70125676313182,7.6487016677856445,2 lesions,Medium,Bright,Medium contrast,Medium sharpness,High entropy,False,False,False,False
tb0636,0.0,0.0,0.0,0.0,1,1,tb0636.png,0,1,False,0.5251633515960059,0.0,0.0,0,0.023090003,0.0,0.0,0,0.021723012,/kaggle/working/TB_XAI_CleanSplit/images/test/tb0636.png,512,512,1,0.05828559408000001,0.05828559408000001,0.05828559408000001,112.33539199829102,65.02852852593057,448.43149318918586,7.425516605377197,1 lesion,Medium,Dark,Low contrast,High sharpness,Medium entropy,True,True,True,True
tb0637,0.5639358938403272,0.7211752042541243,1.0,1.0,1,2,tb0637.png,0,1,False,0.5127339379107808,0.0,0.0,0,0.040213376,0.0218771482874358,0.0428175702413929,0,0.051783603,/kaggle/working/TB_XAI_CleanSplit/images/test/tb0637.png,512,512,1,0.07106342672400001,0.07106342672400001,0.07106342672400001,125.68003845214844,65.75282533631535,71.18457346403738,7.37447452545166,1 lesion,Large,Dark,Low contrast,Low sharpness,Medium entropy,False,False,True,False
tb0664,0.873668849608579,0.932575518658053,1.0,1.0,1,1,tb0664.png,0,1,False,0.500909042141944,0.009713621074471,0.0192403486924034,0,0.056222487,0.0024414633196109,0.0048710341879234,0,0.019755365,/kaggle/working/TB_XAI_CleanSplit/images/test/tb0664.png,512,512,1,0.075293182197,0.075293182197,0.075293182197,127.08041763305664,79.00065244854034,334.4809309178818,7.459515571594238,1 lesion,Large,Medium brightness,High contrast,High sharpness,Medium entropy,False,False,False,False
tb0680,0.3317159578198664,0.3988332250945096,1.0,0.5,2,1,tb0680.png,1,1,True,0.4972638262495202,0.0302093285850777,0.0586469715364899,0,0.09841754,0.0750145499633088,0.1395600644956277,0,0.16714907,/kaggle/working/TB_XAI_CleanSplit/images/test/tb0680.png,512,512,2,0.07087750482,0.08151324643200002,0.14175500964,144.33415985107422,56.35170317821398,105.13901586538123,7.452967643737793,2 lesions,Large,Bright,Low contrast,Low sharpness,Medium entropy,True,False,False,False
tb0708,0.5184240321697139,0.5778930983281007,1.0,0.6666666666666666,3,3,tb0708.png,1,1,True,0.5471964449000548,0.1370941514445227,0.2411306948863704,0,0.31161729,0.1736085701508314,0.2958542985563225,1,0.31514972,/kaggle/working/TB_XAI_CleanSplit/images/test/tb0708.png,512,512,3,0.07802375357199999,0.130571992528,0.23407126071599998,129.48152923583984,69.98090823076006,356.3595932933822,7.696470260620117,3+ lesions,Large,Medium brightness,Medium contrast,High sharpness,High entropy,False,False,False,False
tb0717,0.2836065972283736,0.4414053721999176,0.0,0.0,2,3,tb0717.png,1,1,True,0.5374636558068853,0.0,0.0,0,0.029801536,0.0,0.0,0,0.0022024093,/kaggle/working/TB_XAI_CleanSplit/images/test/tb0717.png,512,512,2,0.045930186225,0.04920079884999999,0.09186037245,131.5277099609375,64.43746260677533,90.40653987764381,7.595273494720459,2 lesions,Medium,Medium brightness,Low contrast,Low sharpness,High entropy,True,False,True,True
tb0720,0.8304536681516522,0.9073746936083056,1.0,1.0,1,1,tb0720.png,0,0,True,0.4834066123807388,0.0,0.0,0,0.030060297,0.0183520508989251,0.03604264533611,0,0.0401798,/kaggle/working/TB_XAI_CleanSplit/images/test/tb0720.png,512,512,1,0.05508890599999999,0.05508890599999999,0.05508890599999999,123.3651351928711,75.51708013052314,102.38642820343375,7.436413288116455,1 lesion,Medium,Dark,High contrast,Low sharpness,Medium entropy,False,False,True,False
tb0726,0.8262191675496188,0.9043975420360344,1.0,1.0,2,2,tb0726.png,1,1,True,0.5993397313122326,0.0446044543507409,0.0853997016094751,0,0.37220654,0.0432913551187816,0.0829899623079936,0,0.24126148,/kaggle/working/TB_XAI_CleanSplit/images/test/tb0726.png,512,512,2,0.18524230739700004,0.221939132904,0.3704846147940001,131.72532272338867,79.41706016996568,225.95224585405958,7.5699849128723145,2 lesions,Large,Medium brightness,High contrast,High sharpness,High entropy,False,False,False,False
tb0759,0.642786233550259,0.7764501525876579,1.0,1.0,2,2,tb0759.png,1,0,False,0.4758597819961678,0.1152723929813341,0.2067161237142959,0,0.5184486,0.035624035813324,0.0687972364128199,0,0.41287857,/kaggle/working/TB_XAI_CleanSplit/images/test/tb0759.png,512,512,2,0.16823943344400005,0.179672673138,0.3364788668880001,132.3545913696289,64.66012826560016,65.25690056719759,7.263335704803467,2 lesions,Large,Medium brightness,Low contrast,Low sharpness,Low entropy,False,False,False,False
tb0783,0.5037347095601962,0.669978163512001,1.0,1.0,1,1,tb0783.png,0,0,True,0.4921561632333813,0.1018276141068963,0.1848340208634802,0,0.19420816,0.1067543888650114,0.1929143266818019,0,0.13996847,/kaggle/working/TB_XAI_CleanSplit/images/test/tb0783.png,512,512,1,0.09384789012500001,0.09384789012500001,0.09384789012500001,143.50691604614258,70.51134468573113,197.61329046427272,7.563193321228027,1 lesion,Large,Bright,Medium contrast,Medium sharpness,High entropy,False,False,False,False
tb0787,0.6025985899027342,0.7124802274756186,1.0,0.5,2,2,tb0787.png,1,1,True,0.5178712871383598,0.0,0.0,0,0.018730206,0.0265262195928477,0.051681523738125,0,0.08283065,/kaggle/working/TB_XAI_CleanSplit/images/test/tb0787.png,512,512,2,0.06371676081250002,0.08500234203300001,0.12743352162500005,141.45515060424805,61.74594389240894,169.9213135947939,7.621269226074219,2 lesions,Medium,Bright,Low contrast,Medium sharpness,High entropy,False,False,True,False
tb0797,0.0,0.0,0.0,0.0,1,0,tb0797.png,0,1,False,0.5105764481471584,0.0,0.0,0,0.00390829,0.0,0.0,0,0.0026010438,/kaggle/working/TB_XAI_CleanSplit/images/test/tb0797.png,512,512,1,0.009495128455999998,0.009495128455999998,0.009495128455999998,148.21759796142578,67.97728882295519,132.54156335895823,7.573387145996094,1 lesion,Small,Bright,Medium contrast,Medium sharpness,High entropy,True,True,True,True
tb0812,0.8378173672982446,0.9117525845671062,1.0,1.0,1,1,tb0812.png,0,1,False,0.5299083289874228,0.0,0.0,0,0.027946187,0.0226109652917283,0.0442220278466855,0,0.044257574,/kaggle/working/TB_XAI_CleanSplit/images/test/tb0812.png,512,512,1,0.054668568924,0.054668568924,0.054668568924,138.05730056762695,68.2664695203983,236.7668361281394,7.7301130294799805,1 lesion,Medium,Bright,Medium contrast,High sharpness,High entropy,False,False,True,False
tb0826,0.5496350036639408,0.7086769917658814,1.0,1.0,2,2,tb0826.png,1,1,True,0.5452585877038609,0.0184236630895482,0.0361807443351367,0,0.35901013,0.1240467717336044,0.2207146087743102,0,0.48106834,/kaggle/working/TB_XAI_CleanSplit/images/test/tb0826.png,512,512,2,0.188794849382,0.20065325920000004,0.377589698764,136.8402214050293,68.55587869206238,264.271478591123,7.744564533233643,2 lesions,Large,Medium brightness,Medium contrast,High sharpness,High entropy,False,False,False,False
tb0834,0.4856130110895441,0.5619126446293311,1.0,0.6666666666666666,3,2,tb0834.png,1,1,True,0.5379437706484869,0.1318320255652408,0.2329533404029692,0,0.15299608,0.073500932109826,0.1369368761801996,0,0.122278795,/kaggle/working/TB_XAI_CleanSplit/images/test/tb0834.png,512,512,3,0.03352491790500001,0.04310313881000002,0.10057475371500002,135.47493362426758,62.73609287788076,65.42744524381123,7.421936988830566,3+ lesions,Small,Medium brightness,Low contrast,Low sharpness,Medium entropy,True,False,False,False
tb0858,0.6952239194234482,0.8196691270196347,1.0,1.0,2,2,tb0858.png,1,1,True,0.4971081811941729,0.0543707856040295,0.1031340897270433,0,0.33808357,0.0642233535279076,0.1206952531440074,0,0.23955822,/kaggle/working/TB_XAI_CleanSplit/images/test/tb0858.png,512,512,2,0.15032176465600006,0.16276083225600002,0.3006435293120001,121.99671936035156,72.14705816970688,79.19525621003413,7.321562767028809,2 lesions,Large,Dark,High contrast,Low sharpness,Low entropy,False,False,False,False
tb0874,0.3630316661278608,0.4206469824643451,1.0,0.5,2,1,tb0874.png,1,1,True,0.5556827690193876,0.0720296456419362,0.1343799510298142,0,0.21987483,0.0747858410875341,0.1391641724864205,0,0.2087133,/kaggle/working/TB_XAI_CleanSplit/images/test/tb0874.png,512,512,2,0.095704957187,0.11062830888200002,0.191409914374,148.82400131225586,67.64663454436194,248.31904935846978,7.6140055656433105,2 lesions,Large,Bright,Medium contrast,High sharpness,High entropy,True,False,False,False
tb0881,0.0,0.0,0.0,0.0,3,0,tb0881.png,1,0,False,0.4956109172038185,0.068688531013675,0.1285473344577253,1,0.07613174,0.0245627661197486,0.0479478016027723,0,0.039695326,/kaggle/working/TB_XAI_CleanSplit/images/test/tb0881.png,512,512,3,0.014487454618000004,0.018467907012,0.04346236385400001,126.45665740966797,80.38930258544818,248.44359818809608,7.320927619934082,3+ lesions,Small,Dark,High contrast,High sharpness,Low entropy,True,True,False,False
tb0898,0.0,0.0,0.0,0.0,1,0,tb0898.png,0,0,True,0.4957848379534639,0.036225352112676,0.0699179035502636,0,0.060664006,0.1009087651868017,0.1833190331074884,0,0.08592249,/kaggle/working/TB_XAI_CleanSplit/images/test/tb0898.png,512,512,1,0.025213013678000003,0.025213013678000003,0.025213013678000003,157.80353927612305,70.45090368803358,196.80983005171583,7.405587196350098,1 lesion,Small,Bright,Medium contrast,Medium sharpness,Medium entropy,True,True,False,False
tb0905,0.4555305032992971,0.6259305487129698,1.0,0.0,1,1,tb0905.png,0,1,False,0.4994823852297326,0.0,0.0,0,0.018345889,0.0,0.0,0,0.03954855,/kaggle/working/TB_XAI_CleanSplit/images/test/tb0905.png,512,512,1,0.061232528706,0.061232528706,0.061232528706,140.18437957763672,67.06185193768128,253.2293746513169,7.645360469818115,1 lesion,Medium,Bright,Low contrast,High sharpness,High entropy,True,False,True,True
tb0915,0.269768382004025,0.3504539655184414,1.0,0.5,2,1,tb0915.png,1,1,True,0.5260912893954819,0.0006735243693362,0.0013461420791776,0,0.14044797,0.0260629120533826,0.0508017817371937,0,0.14391485,/kaggle/working/TB_XAI_CleanSplit/images/test/tb0915.png,512,512,2,0.078867578808,0.09604279521600001,0.157735157616,125.70764923095703,71.28182290995181,284.7039834578609,7.588344573974609,2 lesions,Large,Dark,Medium contrast,High sharpness,High entropy,True,False,False,False
tb0916,0.6046676442114625,0.7536359898483497,1.0,1.0,1,1,tb0916.png,0,1,False,0.5042291093731159,0.0505570395465502,0.0962480620155038,0,0.06354733,0.0,0.0,0,0.014086282,/kaggle/working/TB_XAI_CleanSplit/images/test/tb0916.png,512,512,1,0.03337128878000001,0.03337128878000001,0.03337128878000001,135.40291213989258,72.84098419913603,390.91278286439774,7.684262275695801,1 lesion,Small,Medium brightness,High contrast,High sharpness,High entropy,False,False,False,True
tb0917,0.8502045417095212,0.9190198008285512,1.0,1.0,2,3,tb0917.png,1,1,True,0.5142470255751908,0.0196593896445308,0.0385606994731532,0,0.10266781,0.0,0.0,0,0.04947179,/kaggle/working/TB_XAI_CleanSplit/images/test/tb0917.png,512,512,2,0.10032441151000002,0.10101072553600003,0.20064882302000003,173.70183944702148,58.03089458409798,410.5405994675675,7.253244876861572,2 lesions,Large,Bright,Low contrast,High sharpness,Low entropy,False,False,False,True
tb0925,0.8102590457757427,0.8951857444562867,1.0,1.0,1,1,tb0925.png,0,1,False,0.4968665977235008,0.0,0.0,0,0.0090775415,0.0,0.0,0,0.035867747,/kaggle/working/TB_XAI_CleanSplit/images/test/tb0925.png,512,512,1,0.07924059832000001,0.07924059832000001,0.07924059832000001,140.8534927368164,78.73615342353432,206.03665729913337,7.375824928283691,1 lesion,Large,Bright,High contrast,Medium sharpness,Medium entropy,False,False,True,True
tb0928,0.0,0.0,0.0,0.0,2,0,tb0928.png,1,0,False,0.4942044623683901,0.0633270827752477,0.1191112006852421,0,0.12948829,0.0400047413026729,0.0769318440847959,0,0.12861195,/kaggle/working/TB_XAI_CleanSplit/images/test/tb0928.png,512,512,2,0.03928249373749999,0.053779860679999986,0.07856498747499999,147.40153121948242,74.00036234961198,184.05741431651404,7.566676139831543,2 lesions,Small,Bright,High contrast,Medium sharpness,High entropy,True,True,False,False
tb0955,0.8663189068088523,0.9283717843164736,1.0,1.0,1,2,tb0955.png,0,1,False,0.5149561655634716,0.023717151013835,0.0463353593135502,0,0.04750726,0.015046339031865,0.0296466051908841,0,0.047635555,/kaggle/working/TB_XAI_CleanSplit/images/test/tb0955.png,512,512,1,0.062218925396,0.062218925396,0.062218925396,154.4564094543457,59.44685349189221,225.05805761645024,7.583820343017578,1 lesion,Medium,Bright,Low contrast,Medium sharpness,High entropy,False,False,False,False
tb0974,0.5792651293477272,0.6977597464293495,1.0,0.5,2,2,tb0974.png,1,1,True,0.5044065770703915,0.027208036835496,0.0529747351263243,0,0.09135673,0.0158580390988396,0.0312209747592432,0,0.084557906,/kaggle/working/TB_XAI_CleanSplit/images/test/tb0974.png,512,512,2,0.040771867663499994,0.06339495454499999,0.08154373532699999,150.5077362060547,68.71162959315842,223.84779238974443,7.542918682098389,2 lesions,Small,Bright,Medium contrast,Medium sharpness,High entropy,False,False,False,False
tb0983,0.6708924203490467,0.8030348479394004,0.0,1.0,1,2,tb0983.png,0,1,False,0.513804624164926,0.0426469095706891,0.081805085075731,0,0.050520938,0.0084460947825539,0.0167507114683708,0,0.048321534,/kaggle/working/TB_XAI_CleanSplit/images/test/tb0983.png,512,512,1,0.05967870679900001,0.05967870679900001,0.05967870679900001,121.36493682861328,55.1598375039945,240.15337760787224,7.393191337585449,1 lesion,Medium,Dark,Low contrast,High sharpness,Medium entropy,False,False,False,False
tb0987,0.171621757543027,0.2555333498588037,1.0,0.0,2,1,tb0987.png,1,0,False,0.4794534752497142,0.0551363900174114,0.1045104510451045,1,0.19570027,0.1299425267498243,0.2299984710259416,1,0.16262965,/kaggle/working/TB_XAI_CleanSplit/images/test/tb0987.png,512,512,2,0.050970431779,0.05856514480800001,0.101940863558,106.18891143798828,62.23651261053853,521.3998140687472,7.144654273986816,2 lesions,Medium,Dark,Low contrast,High sharpness,Low entropy,True,False,False,False
tb0999,0.2156005100485845,0.301286132445527,1.0,0.0,2,1,tb0999.png,1,0,False,0.4854974169946973,0.0208436527907114,0.0408361314364458,0,0.27786738,0.2185099657708118,0.3586510933992822,0,0.2991225,/kaggle/working/TB_XAI_CleanSplit/images/test/tb0999.png,512,512,2,0.0717245764405,0.08138335195499999,0.143449152881,146.10877990722656,67.79544699671592,216.99880476947874,7.604272842407227,2 lesions,Large,Bright,Medium contrast,Medium sharpness,High entropy,True,False,False,False
tb1015,0.568054286364106,0.7245339543457648,1.0,1.0,1,1,tb1015.png,0,1,False,0.5269509937449857,0.0,0.0,0,0.039492212,0.0,0.0,0,0.050196987,/kaggle/working/TB_XAI_CleanSplit/images/test/tb1015.png,512,512,1,0.103686699408,0.103686699408,0.103686699408,150.1806526184082,64.25765268294235,659.9825774990022,7.436176300048828,1 lesion,Large,Bright,Low contrast,High sharpness,Medium entropy,False,False,True,True
tb1044,0.8036844920402334,0.8911586206866453,1.0,1.0,1,2,tb1044.png,0,0,True,0.4206464330186125,0.0,0.0,0,0.009063491,0.0184026147881569,0.0361401562033203,0,0.042829826,/kaggle/working/TB_XAI_CleanSplit/images/test/tb1044.png,512,512,1,0.049372813403999995,0.049372813403999995,0.049372813403999995,91.76412963867188,69.73050293224534,107.39161783839518,6.924853324890137,1 lesion,Medium,Dark,Medium contrast,Low sharpness,Low entropy,False,False,True,False
tb1056,0.4365315056564177,0.4661151312260995,1.0,0.5,2,1,tb1056.png,1,1,True,0.5120535912006664,0.0,0.0,0,0.11280446,0.0080402433120751,0.0159522268389952,0,0.07159626,/kaggle/working/TB_XAI_CleanSplit/images/test/tb1056.png,512,512,2,0.06401175723800001,0.07465926430600002,0.12802351447600002,124.10834884643555,68.4124189727352,128.3129338005092,7.5747270584106445,2 lesions,Medium,Dark,Medium contrast,Medium sharpness,High entropy,True,False,True,False
tb1058,0.8063776321003789,0.89281179944944,1.0,1.0,1,1,tb1058.png,0,1,False,0.5755635533310298,0.0180777284690603,0.035513454353323,0,0.054033864,0.0563623789764868,0.1067103109656301,0,0.06709921,/kaggle/working/TB_XAI_CleanSplit/images/test/tb1058.png,512,512,1,0.040441516966,0.040441516966,0.040441516966,139.93345260620117,67.51127592722614,204.598490098826,7.691855430603027,1 lesion,Small,Bright,Medium contrast,Medium sharpness,High entropy,False,False,False,False
tb1060,0.7237992626646909,0.8354468051939634,1.0,1.0,2,2,tb1060.png,1,1,True,0.5008940126778092,0.0970160673297628,0.1768726461152183,0,0.13843754,0.0062005039596832,0.01232458925489,0,0.05357554,/kaggle/working/TB_XAI_CleanSplit/images/test/tb1060.png,512,512,2,0.039570594887999994,0.04262668478399998,0.07914118977599999,90.92570495605469,70.3196711574663,112.39097833255073,6.556234359741211,2 lesions,Small,Dark,Medium contrast,Medium sharpness,Low entropy,False,False,False,False
tb1067,0.732449886077321,0.8447907223359568,1.0,1.0,2,2,tb1067.png,1,0,False,0.4755617596723021,0.0459761605093655,0.0879105322763307,0,0.14325592,0.0543316265549144,0.1030636380176624,0,0.084361635,/kaggle/working/TB_XAI_CleanSplit/images/test/tb1067.png,512,512,2,0.047911767255500004,0.05124158254600002,0.09582353451100001,84.421142578125,66.07513473962835,89.93980125778762,6.968388557434082,2 lesions,Medium,Dark,Low contrast,Low sharpness,Low entropy,False,False,False,False
tb1078,0.4122210273815098,0.4518872236093615,1.0,0.5,2,1,tb1078.png,1,0,False,0.4471938636014731,0.057235841381018,0.1082745006189982,0,0.14950395,0.0,0.0,0,0.058316685,/kaggle/working/TB_XAI_CleanSplit/images/test/tb1078.png,512,512,2,0.03955160594100001,0.05756158774800002,0.07910321188200002,119.47396850585938,83.4399325552355,270.6248575552454,7.135517120361328,2 lesions,Small,Dark,High contrast,High sharpness,Low entropy,True,False,False,True
tb1080,0.6183246577819512,0.7641540339988598,1.0,1.0,1,1,tb1080.png,0,1,False,0.500875376142244,0.032320061501009,0.0626163584460717,0,0.05602696,0.0241389945512491,0.0471400750868317,0,0.043263193,/kaggle/working/TB_XAI_CleanSplit/images/test/tb1080.png,512,512,1,0.02864005606,0.02864005606,0.02864005606,133.80451583862305,78.03472732328507,189.67183998500695,7.426259517669678,1 lesion,Small,Medium brightness,High contrast,Medium sharpness,Medium entropy,False,False,False,False
tb1084,0.7905403941026639,0.8830187765731431,1.0,1.0,1,2,tb1084.png,0,1,False,0.5453482709981298,0.0,0.0,0,0.0148166865,0.0,0.0,0,0.036549415,/kaggle/working/TB_XAI_CleanSplit/images/test/tb1084.png,512,512,1,0.064572482583,0.064572482583,0.064572482583,145.64117431640625,69.10307815422233,201.62514108057076,7.664700508117676,1 lesion,Medium,Bright,Medium contrast,Medium sharpness,High entropy,False,False,True,True
tb1112,0.3698491302057686,0.5399852028233396,1.0,0.0,1,2,tb1112.png,0,0,True,0.4786799618134292,0.0,0.0,0,0.057814647,0.0772583580802758,0.1434351518385132,0,0.06319564,/kaggle/working/TB_XAI_CleanSplit/images/test/tb1112.png,512,512,1,0.046870378325999974,0.046870378325999974,0.046870378325999974,99.83402633666992,68.19204569913899,94.15070336939243,7.039740562438965,1 lesion,Medium,Dark,Medium contrast,Low sharpness,Low entropy,True,False,True,False
tb1117,0.7464972748808625,0.8547430038732312,1.0,1.0,2,2,tb1117.png,1,0,False,0.4803812186585787,0.091680539201754,0.1679622122215197,0,0.2665962,0.0058026753032066,0.0115383970349002,0,0.11678269,/kaggle/working/TB_XAI_CleanSplit/images/test/tb1117.png,512,512,2,0.07979155401950001,0.091508743338,0.15958310803900003,155.17127990722656,66.48542882801715,279.9113727178774,7.362133026123047,2 lesions,Large,Bright,Low contrast,High sharpness,Medium entropy,False,False,False,False
tb1134,0.2742613909220943,0.3009257980398978,1.0,0.3333333333333333,3,1,tb1134.png,1,0,False,0.4749554061422144,0.0457306590257879,0.0874616396317404,0,0.06542592,0.0323519366076917,0.0626761774942763,0,0.054423243,/kaggle/working/TB_XAI_CleanSplit/images/test/tb1134.png,512,512,3,0.017988048932000004,0.04723054777000002,0.05396414679600001,130.6546974182129,79.06469758623095,231.23964131786488,7.402017593383789,3+ lesions,Small,Medium brightness,High contrast,High sharpness,Medium entropy,True,False,False,False
tb1136,0.2926510825899093,0.3692054284890405,1.0,0.5,2,1,tb1136.png,1,0,False,0.4751572433094682,0.1349878197320341,0.2378665521959595,0,0.1929481,0.0024580037952597,0.0049039536538266,0,0.06876875,/kaggle/working/TB_XAI_CleanSplit/images/test/tb1136.png,512,512,2,0.043243257441,0.04713320000000001,0.086486514882,123.74347305297852,75.35583577209236,66.57252418622375,6.7136430740356445,2 lesions,Medium,Dark,High contrast,Low sharpness,Low entropy,True,False,False,False
tb1138,0.889772365465677,0.9416714750682892,0.0,1.0,1,2,tb1138.png,0,1,False,0.5303799845340217,0.0,0.0,0,0.018703422,0.0,0.0,0,0.025246385,/kaggle/working/TB_XAI_CleanSplit/images/test/tb1138.png,512,512,1,0.029161440593,0.029161440593,0.029161440593,141.15357971191406,73.37694558368808,231.92124904110096,7.586291313171387,1 lesion,Small,Bright,High contrast,High sharpness,High entropy,False,False,True,True
tb1174,0.7657488368658677,0.8673360796035303,1.0,1.0,1,1,tb1174.png,0,0,True,0.4542475837582583,0.0741804183889186,0.1381153800963459,0,0.13972302,0.0008040666693923,0.0016068413312271,0,0.06537821,/kaggle/working/TB_XAI_CleanSplit/images/test/tb1174.png,512,512,1,0.07141241240999999,0.07141241240999999,0.07141241240999999,129.54457092285156,59.1593020412722,34.40823316568276,7.235166549682617,1 lesion,Large,Medium brightness,Low contrast,Low sharpness,Low entropy,False,False,False,False
tb1175,0.7677895965213817,0.8647196022164794,1.0,1.0,2,3,tb1175.png,1,1,True,0.5001016593010027,0.0304728489514805,0.0591434291208877,0,0.10316087,0.0277707887784626,0.0540408213225618,0,0.07756746,/kaggle/working/TB_XAI_CleanSplit/images/test/tb1175.png,512,512,2,0.08335773201600001,0.11226389728800001,0.16671546403200002,125.29219818115234,71.38528032183343,57.0313715338707,7.274803638458252,2 lesions,Large,Dark,Medium contrast,Low sharpness,Low entropy,False,False,False,False
tb1178,0.3645109235683441,0.4216383085870026,1.0,0.5,2,1,tb1178.png,1,1,True,0.5492300899011147,2.7999440011199776e-05,5.599731212901781e-05,0,0.03638749,0.0347520542814971,0.0671698193547013,0,0.05527567,/kaggle/working/TB_XAI_CleanSplit/images/test/tb1178.png,512,512,2,0.0263423795655,0.03166644956,0.052684759131,120.59537887573242,80.54809183982606,542.1420792513381,7.383528232574463,2 lesions,Small,Dark,High contrast,High sharpness,Medium entropy,True,False,False,False
tb1180,0.6250143648651632,0.7692416490324677,1.0,1.0,1,1,tb1180.png,0,0,True,0.4903141316078326,0.1262639551930233,0.2242173419664909,0,0.15043136,0.0153789717252666,0.0302920823722313,0,0.053592112,/kaggle/working/TB_XAI_CleanSplit/images/test/tb1180.png,512,512,1,0.056830878720000005,0.056830878720000005,0.056830878720000005,152.89369583129883,66.03198128036286,205.89135275757872,7.520410060882568,1 lesion,Medium,Bright,Low contrast,Medium sharpness,Medium entropy,False,False,False,False
tb1186,0.4427074625558963,0.4696127697510898,1.0,0.5,2,1,tb1186.png,1,1,True,0.5027214749411869,0.0159994208354448,0.0314949408579164,0,0.0990253,0.0131206305824569,0.0259014182248243,0,0.05531586,/kaggle/working/TB_XAI_CleanSplit/images/test/tb1186.png,512,512,2,0.05785624197550001,0.07683445712,0.11571248395100002,120.66567611694336,75.70750173087875,97.9205010549631,7.310910224914551,2 lesions,Medium,Dark,High contrast,Low sharpness,Low entropy,True,False,False,False
