Variable,Method,N,Spearman_Rho,P_Value,FDR_P_Value,FDR_Significant
lesion_count,YOLO26,106,-0.26422160007184575,0.006202295140251899,0.026049639589057975,True
lesion_count,Grad-CAM,106,0.23318647931366368,0.01614602181958556,0.04271866103943162,True
lesion_count,Grad-CAM++,106,0.4042597624548182,1.725902273081645e-05,0.00018121973867357274,True
mean_lesion_area_fraction,YOLO26,106,0.4394438647008295,2.4438818756960303e-06,5.1321519389616635e-05,True
mean_lesion_area_fraction,Grad-CAM,106,0.2517468187179163,0.009235025073228775,0.03232258775630071,True
mean_lesion_area_fraction,Grad-CAM++,106,0.17175738147054836,0.07832459459012397,0.1495287714902367,False
total_lesion_area_fraction,YOLO26,106,0.1936885280434936,0.04665901832219715,0.09873236947967112,False
total_lesion_area_fraction,Grad-CAM,106,0.32934237104364006,0.0005662595813927522,0.0029728628023119492,True
total_lesion_area_fraction,Grad-CAM++,106,0.3438236699868173,0.0003078850513325158,0.0021551953593276106,True
brightness,YOLO26,106,-0.009213177659805328,0.9253214507388432,0.9253214507388433,False
brightness,Grad-CAM,106,-0.03920828034128124,0.6898629037324464,0.8324497457676528,False
brightness,Grad-CAM++,106,-0.03154396701300368,0.7482147872543892,0.8324497457676528,False
contrast,YOLO26,106,-0.13441557226169185,0.16952640996274418,0.2738503545552021,False
contrast,Grad-CAM,106,-0.07474767958793925,0.44634900730197213,0.6695235109529581,False
contrast,Grad-CAM++,106,-0.15020478496912862,0.12433011937598991,0.21757770890798234,False
sharpness,YOLO26,106,0.025814042934068672,0.7928092816834789,0.8324497457676528,False
sharpness,Grad-CAM,106,-0.02702656884668607,0.7833112166682544,0.8324497457676528,False
sharpness,Grad-CAM++,106,-0.19338087467098597,0.04701541403793863,0.09873236947967112,False
entropy,YOLO26,106,-0.031683850704190955,0.7471357606476139,0.8324497457676528,False
entropy,Grad-CAM,106,-0.2329149395329272,0.01627377563406919,0.04271866103943162,True
entropy,Grad-CAM++,106,-0.03354933078522225,0.7327933536515837,0.8324497457676528,False
