Subgroup_Variable,Subgroup,Method,N,Mean_IoU,Median_IoU,SD,Q1,Q3
lesion_count_group,1 lesion,YOLO26,53,0.5902798958747609,0.6811729078183748,0.29422300439170723,0.5037347095601962,0.8093503652469906
lesion_count_group,1 lesion,Grad-CAM,53,0.03907807228284005,0.0017574692442882,0.05951159638436013,0.0,0.0505570395465502
lesion_count_group,1 lesion,Grad-CAM++,53,0.020016746541953786,0.0077949613369917,0.02948746796691005,0.0,0.0233504995818477
lesion_count_group,2 lesions,YOLO26,49,0.5006065727136503,0.5400233540176289,0.24889923889103796,0.3157793127481745,0.6952239194234482
lesion_count_group,2 lesions,Grad-CAM,49,0.044171342040571326,0.0305961773623465,0.045943060069561725,0.0006041915790798,0.0630331458458728
lesion_count_group,2 lesions,Grad-CAM++,49,0.052091984518826046,0.0347520542814971,0.057656235439907305,0.0080402433120751,0.0747858410875341
lesion_count_group,3+ lesions,YOLO26,4,0.3195746085453381,0.3799372010058192,0.23894982912280685,0.2056960431915707,0.4938157663595865
lesion_count_group,3+ lesions,Grad-CAM,4,0.0958363417623066,0.1002602782894579,0.045627035783443744,0.06294906301670322,0.13314755703506126
lesion_count_group,3+ lesions,Grad-CAM++,4,0.07600605124702442,0.05292643435875885,0.06851914727016033,0.030404643985705925,0.09852784162007736
lesion_size_group,Large,YOLO26,36,0.6486015645429593,0.6740588143229458,0.19039088581409647,0.5412335235983319,0.8142490762192117
lesion_size_group,Large,Grad-CAM,36,0.05445892820640198,0.04873809039037075,0.04352856355696151,0.01935045800578515,0.09220686855977916
lesion_size_group,Large,Grad-CAM++,36,0.05388049238096355,0.028290252096452,0.0665992735208541,0.0049576018021826,0.07484301830647777
lesion_size_group,Medium,YOLO26,35,0.5871474258519408,0.6513738467853933,0.2347876106200418,0.4417861379910553,0.7818242591542132
lesion_size_group,Medium,Grad-CAM,35,0.0322185386440007,9.180839587780305e-05,0.05219578968171364,0.0,0.0443115350400273
lesion_size_group,Medium,Grad-CAM++,35,0.026401247578197524,0.015046339031865,0.03266085997387327,0.00122900189762985,0.03587555630783215
lesion_size_group,Small,YOLO26,35,0.37694396428994514,0.3645109235683441,0.3196914715808575,0.0,0.614055259044173
lesion_size_group,Small,Grad-CAM,35,0.04373453400163566,0.0180777284690603,0.06324937008692334,0.0,0.060281462078132855
lesion_size_group,Small,Grad-CAM++,35,0.030105074919500676,0.0158580390988396,0.035987017667103764,0.00243819416720005,0.04313563775047345
brightness_group,Bright,YOLO26,36,0.5244640015364914,0.6138064773839487,0.3221450605640614,0.3241634704293802,0.8073479855192198
brightness_group,Bright,Grad-CAM,36,0.032979221217688905,0.0179453783419284,0.049135096157162605,0.0,0.03425991642018637
brightness_group,Bright,Grad-CAM++,36,0.03633216810012774,0.015618505412053101,0.0479570141509179,0.0,0.05712868383286282
brightness_group,Dark,YOLO26,35,0.5190956678345108,0.5652289033375999,0.26280411701075124,0.3671800268870563,0.7281245743710059
brightness_group,Dark,Grad-CAM,35,0.03458439705153171,0.0017574692442882,0.045664339943180636,0.0,0.05475358781072045
brightness_group,Dark,Grad-CAM++,35,0.02896296827106262,0.0184026147881569,0.03645379507166743,0.005436373469167951,0.03348249674153575
brightness_group,Medium brightness,YOLO26,35,0.5726800728283135,0.6183246577819512,0.24307971376021667,0.40397270922258066,0.7815162677991498
brightness_group,Medium brightness,Grad-CAM,35,0.06346208849678095,0.0510667271901951,0.06126870872491353,0.0140686420820096,0.08996389335774796
brightness_group,Medium brightness,Grad-CAM++,35,0.04559305920120956,0.0241389945512491,0.05962069817435904,0.0041188889746587,0.06668968377812495
contrast_group,High contrast,YOLO26,36,0.4929923469219834,0.4913654082867626,0.299542689224136,0.3092582037076904,0.7728216233683399
contrast_group,High contrast,Grad-CAM,36,0.044943817249454954,0.03145811943167775,0.06163375985256377,0.0,0.05678821713555305
contrast_group,High contrast,Grad-CAM++,36,0.026724995289312648,0.0093269476837375,0.0484969581476344,0.0006192412804845,0.03606522603679105
contrast_group,Low contrast,YOLO26,35,0.5633964602474258,0.6459266928344627,0.27142742277451476,0.4231579161289089,0.755339479905687
contrast_group,Low contrast,Grad-CAM,35,0.05273272772051133,0.0459761605093655,0.05474160420580187,0.0,0.08891123464169759
contrast_group,Low contrast,Grad-CAM++,35,0.03835964021759846,0.0218771482874358,0.04496819673069841,0.00040203333469615,0.06391627933237021
contrast_group,Medium contrast,YOLO26,35,0.5607501251617494,0.5792651293477272,0.2596231589027124,0.4145928944525179,0.7818242591542132
contrast_group,Medium contrast,Grad-CAM,35,0.03300731619512767,0.0184236630895482,0.04269892005441572,0.0,0.051579045722766004
contrast_group,Medium contrast,Grad-CAM++,35,0.04607805071722638,0.0277707887784626,0.05246152002809454,0.00618613006571965,0.06668968377812495
sharpness_group,High sharpness,YOLO26,36,0.5587060723514233,0.6072267522589285,0.2640511973142023,0.3540954138434431,0.7963479210729585
sharpness_group,High sharpness,Grad-CAM,36,0.050633206749704174,0.036621543466517796,0.05881178298898212,7.430517936654033e-05,0.07061743344313755
sharpness_group,High sharpness,Grad-CAM++,36,0.03171986838404725,0.0127525290840967,0.04363388797591178,0.0,0.03910328382060625
sharpness_group,Low sharpness,YOLO26,35,0.5760063136192259,0.642786233550259,0.2215143532345993,0.4417861379910553,0.7490993614715944
sharpness_group,Low sharpness,Grad-CAM,35,0.048684149431701504,0.0459761605093655,0.05068596885683231,0.0,0.07670452462914135
sharpness_group,Low sharpness,Grad-CAM++,35,0.04783547510142357,0.0284023668639053,0.056506984398143126,0.00815446652105825,0.0688621428188668
sharpness_group,Medium sharpness,YOLO26,35,0.48054901134823985,0.5792651293477272,0.33256953527602484,0.10780025502429225,0.7658962599038288
sharpness_group,Medium sharpness,Grad-CAM,35,0.03120395099796688,0.0053474306433675,0.05066335883568714,0.0,0.0385252606072852
sharpness_group,Medium sharpness,Grad-CAM++,35,0.031464632078817105,0.015046339031865,0.04537762511253046,0.0054196992584934,0.04313563775047345
entropy_group,High entropy,YOLO26,36,0.5167319399444854,0.5644500665058341,0.2950301095368871,0.3077361338682243,0.7922262202601058
entropy_group,High entropy,Grad-CAM,36,0.03246696204101549,0.0179453783419284,0.044902208469114135,0.0,0.05083615593300535
entropy_group,High entropy,Grad-CAM++,36,0.04309296714147604,0.02433693867255545,0.05335240531507153,0.0,0.07200441688442812
entropy_group,Low entropy,YOLO26,35,0.5540546569310418,0.642786233550259,0.2540630630524642,0.3910350787936392,0.7649652608981895
entropy_group,Low entropy,Grad-CAM,35,0.06492638105127735,0.0543707856040295,0.06533089802989885,0.008878445039866501,0.09421641932827615
entropy_group,Low entropy,Grad-CAM++,35,0.0452073926888082,0.0260299241647878,0.059148272133833474,0.0059840354007313,0.059277490041411
entropy_group,Medium entropy,YOLO26,35,0.5456740613692743,0.6325704621255581,0.28605533507250214,0.37764812626343236,0.743874700292928
entropy_group,Medium entropy,Grad-CAM,35,0.033646999650185104,0.0108466405543838,0.0434571975013856,0.0,0.04873809039037075
entropy_group,Medium entropy,Grad-CAM++,35,0.022394670055220018,0.0153789717252666,0.0252397779417506,0.0013084304437156,0.032282437904633046
