phase,epoch,train_loss,val_loss,val_auc,val_auprc,lr
Frozen,1,0.7674097316018467,0.740088687533826,0.5069182389937107,0.49060708872066516,0.001
Frozen,2,0.7444528834573154,0.7434400093238965,0.5025157232704403,0.45176632792567906,0.001
Frozen,3,0.7404817396196826,0.7299352715500688,0.5059748427672957,0.46226617839404516,0.001
Frozen,4,0.7410205109366055,0.7324622320917855,0.5216981132075471,0.47250600386092295,0.001
Frozen,5,0.741349039406612,0.7492974817225363,0.5084905660377359,0.4719256202176284,0.001
FineTune,1,0.7432117560814167,0.7379799253117721,0.490251572327044,0.4736748627041051,2e-05
FineTune,2,0.7415114320557693,0.7350596542906972,0.4742138364779874,0.47254703938520753,2e-05
FineTune,3,0.7336824589762194,0.7465808075086205,0.5125786163522013,0.48494755156155145,2e-05
FineTune,4,0.7410455033696931,0.7356219924656691,0.5342767295597486,0.4970130801036375,2e-05
FineTune,5,0.7362137408092104,0.7339337125288702,0.5037735849056604,0.4863523129635461,2e-05
FineTune,6,0.7371720659321752,0.7452079532420741,0.5267295597484276,0.49391009276666176,2e-05
FineTune,7,0.7348958105876529,0.7289525201890321,0.5512578616352202,0.5138491481494607,2e-05
FineTune,8,0.7288729157941095,0.7419834121138649,0.5424528301886792,0.5023059417004496,2e-05
FineTune,9,0.7243178811566583,0.7434729464286196,0.5484276729559748,0.5095265554190367,2e-05
FineTune,10,0.7338301518867756,0.7395920315674976,0.5754716981132075,0.5355631846196144,1e-05
FineTune,11,0.7336053568741371,0.7233460666859044,0.5515723270440251,0.528336157807358,1e-05
FineTune,12,0.7259659438297666,0.7244422177297879,0.5528301886792452,0.5369585362919738,1e-05
FineTune,13,0.7267753638070206,0.7201938365413024,0.5745283018867924,0.5603424118741789,1e-05
FineTune,14,0.7200356676660735,0.7207442965127725,0.6088050314465409,0.5963259312280608,1e-05
FineTune,15,0.7163445283626688,0.7267319275214609,0.6150943396226416,0.5982603562096649,1e-05
