filename,target,prediction,correct,probability,GradCAM_IoU,GradCAM_Dice,GradCAM_Pointing,GradCAM_Energy,GradCAMPP_IoU,GradCAMPP_Dice,GradCAMPP_Pointing,GradCAMPP_Energy
tb0085.png,0,1,False,0.5537981591916162,0.01084664055438385,0.021460506706408346,0,0.02776636,0.0,0.0,0,0.012937806
tb1180.png,0,0,True,0.49031413160783266,0.12626395519302333,0.2242173419664909,0,0.15043136,0.015378971725266663,0.03029208237223133,0,0.053592112
tb0146.png,0,0,True,0.4683536255229943,0.0,0.0,0,0.0038485385,0.00017539756782039288,0.00035073361781726777,0,0.0045459243
tb0783.png,0,0,True,0.49215616323338135,0.10182761410689639,0.18483402086348028,0,0.19420816,0.1067543888650114,0.1929143266818019,0,0.13996847
tb0530.png,1,1,True,0.508142531055316,0.051484586353161214,0.09792741999523545,0,0.12262118,0.015523770773997685,0.030572934323666288,0,0.121643424
tb0787.png,1,1,True,0.5178712871383598,0.0,0.0,0,0.018730206,0.02652621959284778,0.05168152373812508,0,0.08283065
tb0176.png,0,0,True,0.4712609550412916,0.0,0.0,0,0.05144623,0.0,0.0,0,0.024089688
tb0974.png,1,1,True,0.5044065770703915,0.027208036835496024,0.05297473512632437,0,0.09135673,0.015858039098839614,0.031220974759243268,0,0.084557906
tb0080.png,0,0,True,0.481151820047368,0.07014669604353803,0.13109734637854578,0,0.23796797,0.023350499581847792,0.045635390008387275,0,0.21968837
tb0154.png,1,0,False,0.49312583067759563,0.0,0.0,0,0.022644332,0.007594089987998977,0.015073708874353216,0,0.068602756
tb0435.png,1,1,True,0.5126683500453441,0.02623333657682203,0.05112548119773197,1,0.44409496,0.12351037162628073,0.21986512051063584,1,0.4343985
tb1175.png,1,1,True,0.5001016593010027,0.030472848951480596,0.05914342912088778,0,0.10316087,0.027770788778462698,0.05404082132256189,0,0.07756746
tb0587.png,1,1,True,0.5897505280276154,0.0,0.0,0,0.063171916,0.0007671891847059799,0.0015332021133326428,0,0.085907646
tb0617.png,0,0,True,0.47773058120354644,0.0017574692442882249,0.0035087719298245615,0,0.021191053,0.0,0.0,0,0.0130643565
tb0881.png,1,0,False,0.4956109172038185,0.06868853101367502,0.12854733445772532,1,0.07613174,0.024562766119748686,0.047947801602772365,0,0.039695326
tb0163.png,0,0,True,0.4677863326668411,0.23516630452950024,0.3807848443843031,1,0.14176615,0.006843314544522869,0.01359360378256801,0,0.024941916
tb0621.png,0,1,False,0.5342001428398411,0.10295376712328767,0.18668736658257326,0,0.14361916,0.07107727548339285,0.13272109699333248,0,0.09489402
tb1112.png,0,0,True,0.47867996181342926,0.0,0.0,0,0.057814647,0.07725835808027588,0.1434351518385132,0,0.06319564
tb1058.png,0,1,False,0.5755635533310298,0.018077728469060382,0.03551345435332302,0,0.054033864,0.05636237897648686,0.10671031096563012,0,0.06709921
tb1015.png,0,1,False,0.5269509937449857,0.0,0.0,0,0.039492212,0.0,0.0,0,0.050196987
tb0826.png,1,1,True,0.5452585877038609,0.018423663089548202,0.03618074433513676,0,0.35901013,0.12404677173360447,0.22071460877431026,0,0.48106834
tb0083.png,0,1,False,0.5103245561854639,0.130754607818828,0.231269644031869,0,0.120952316,0.0,0.0,0,0.042115968
tb0166.png,0,0,True,0.45741964124229767,0.046453954332375626,0.08878356116875234,0,0.07000478,0.006171756171756171,0.012267798482514027,0,0.02981287
tb0664.png,0,1,False,0.500909042141944,0.009713621074471095,0.019240348692403486,0,0.056222487,0.002441463319610924,0.004871034187923462,0,0.019755365
tb1078.png,1,0,False,0.4471938636014731,0.057235841381018074,0.10827450061899822,0,0.14950395,0.0,0.0,0,0.058316685
tb0983.png,0,1,False,0.513804624164926,0.04264690957068913,0.08180508507573103,0,0.050520938,0.008446094782553969,0.01675071146837086,0,0.048321534
tb0321.png,0,0,True,0.3892501572270337,0.0861419300816412,0.158620025055411,0,0.08108947,0.11194856283367217,0.2013556500282427,0,0.09356942
tb0916.png,0,1,False,0.5042291093731159,0.05055703954655026,0.09624806201550387,0,0.06354733,0.0,0.0,0,0.014086282
tb0050.png,1,1,True,0.514928211183197,0.0,0.0,0,0.02224549,0.04626653419827401,0.08844120056602368,0,0.06813811
tb1178.png,1,1,True,0.5492300899011147,2.7999440011199776e-05,5.599731212901781e-05,0,0.03638749,0.03475205428149715,0.06716981935470136,0,0.05527567
tb1134.png,1,0,False,0.4749554061422144,0.04573065902578797,0.08746163963174046,0,0.06542592,0.032351936607691784,0.0626761774942763,0,0.054423243
tb1084.png,0,1,False,0.5453482709981298,0.0,0.0,0,0.0148166865,0.0,0.0,0,0.036549415
tb0999.png,1,0,False,0.48549741699469734,0.020843652790711497,0.040836131436445856,0,0.27786738,0.21850996577081183,0.35865109339928225,0,0.2991225
tb0512.png,1,0,False,0.44730262620767414,0.0937858566338547,0.17148851590106007,1,0.34750482,0.27464254706509433,0.43093265276209036,1,0.32386467
tb0708.png,1,1,True,0.5471964449000548,0.13709415144452275,0.2411306948863704,0,0.31161729,0.1736085701508314,0.2958542985563225,1,0.31514972
tb1138.png,0,1,False,0.5303799845340217,0.0,0.0,0,0.018703422,0.0,0.0,0,0.025246385
tb0382.png,0,0,True,0.48908758583112577,0.0,0.0,0,0.03802063,0.03770726005454782,0.07267417605340008,0,0.033636775
tb1174.png,0,0,True,0.45424758375825836,0.07418041838891869,0.1381153800963459,0,0.13972302,0.0008040666693923164,0.001606841331227191,0,0.06537821
tb1186.png,1,1,True,0.5027214749411869,0.01599942083544487,0.03149494085791649,0,0.0990253,0.013120630582456974,0.02590141822482431,0,0.05531586
tb0579.png,0,1,False,0.5114569270507071,0.0,0.0,0,0.03279425,0.0,0.0,0,0.026102645
tb0398.png,1,0,False,0.47713020494991154,0.0946469820226976,0.17292695010734535,1,0.42822227,0.034552869981592654,0.06679768813015316,0,0.18683648
tb0313.png,0,0,True,0.49261976028228066,0.15295900883089494,0.26533295227207776,1,0.3524822,0.028809715414441436,0.056005916318229654,0,0.14688745
tb0874.png,1,1,True,0.5556827690193876,0.07202964564193623,0.1343799510298142,0,0.21987483,0.07478584108753411,0.13916417248642057,0,0.2087133
tb0380.png,0,1,False,0.5268399615250842,0.040825169101894425,0.07844769768033488,0,0.06481733,0.007794961336991768,0.015469339768578677,0,0.06048646
tb0487.png,0,0,True,0.4504233582915293,0.0,0.0,0,0.00494247,0.026029924164787867,0.05073911306432281,0,0.031764243
tb0079.png,1,0,False,0.41948026704911384,0.15098351940457203,0.26235565819861434,1,0.2860927,0.08936221484416836,0.1640633640977744,0,0.16888432
tb0242.png,0,0,True,0.43762040523729895,9.180839587780303e-05,0.0001835999357400225,0,0.025908133,0.0026424414086112505,0.005270954628449375,0,0.016884243
tb0797.png,0,1,False,0.5105764481471584,0.0,0.0,0,0.00390829,0.0,0.0,0,0.0026010438
tb0283.png,1,1,True,0.5584426469062485,0.030596177362346516,0.059375685713589116,1,0.32879236,0.0750570943374129,0.13963368965752027,0,0.32155466
tb0834.png,1,1,True,0.5379437706484869,0.13183202556524087,0.23295334040296925,0,0.15299608,0.07350093210982607,0.13693687618019962,0,0.122278795
tb0955.png,0,1,False,0.5149561655634716,0.023717151013835005,0.046335359313550234,0,0.04750726,0.015046339031865008,0.029646605190884124,0,0.047635555
tb0104.png,1,1,True,0.5039438504521514,0.0006041915790798665,0.0012076535040821204,0,0.14087796,0.15892352501035786,0.27426059024720806,0,0.17929691
tb0533.png,0,1,False,0.5087304207600556,0.04640945359054641,0.0887022827083635,0,0.1240728,0.020899094303810525,0.040942526877374506,0,0.10681198
tb0497.png,1,1,True,0.49864127630612043,0.051066727190195185,0.09717123731375513,0,0.25680086,0.0,0.0,0,0.08476644
tb0128.png,0,1,False,0.49814906141538395,0.0,0.0,0,0.013441709,0.0469757273389764,0.08973603897842265,0,0.04534589
tb0212.png,1,0,False,0.4782345025398668,0.051673505092370814,0.09826910127935992,0,0.13493305,0.030076407238178816,0.058396458800214844,0,0.0705263
tb0636.png,0,1,False,0.5251633515960059,0.0,0.0,0,0.023090003,0.0,0.0,0,0.021723012
tb0928.png,1,0,False,0.49420446236839016,0.06332708277524779,0.1191112006852421,0,0.12948829,0.04000474130267291,0.07693184408479599,0,0.12861195
tb0595.png,1,0,False,0.4753101767605347,0.09766020928207397,0.17794251528157107,0,0.26920384,0.04912352024469805,0.09364678094956913,0,0.16232266
tb0925.png,0,1,False,0.49686659772350084,0.0,0.0,0,0.0090775415,0.0,0.0,0,0.035867747
tb0005.png,0,1,False,0.5030554895808559,0.0,0.0,0,0.0035154342,0.0,0.0,0,0.0036138576
tb0342.png,0,0,True,0.43276418777927816,0.1481871155713823,0.25812363431310353,0,0.09895823,0.0834986303957684,0.1541278005404934,0,0.08224384
tb0717.png,1,1,True,0.5374636558068853,0.0,0.0,0,0.029801536,0.0,0.0,0,0.0022024093
tb0084.png,0,1,False,0.5144285188561757,0.03360477118935658,0.06502441189525078,0,0.09964289,0.010108484520144293,0.020014651247972373,0,0.050664525
tb0293.png,1,1,True,0.5665498971067346,0.0,0.0,0,0.019996282,0.0,0.0,0,0.024227457
tb0759.png,1,0,False,0.4758597819961678,0.11527239298133418,0.20671612371429596,0,0.5184486,0.035624035813324,0.06879723641281997,0,0.41287857
tb0720.png,0,0,True,0.48340661238073884,0.0,0.0,0,0.030060297,0.018352050898925144,0.03604264533611009,0,0.0401798
tb0628.png,1,1,True,0.5129523436452198,0.0053474306433675105,0.010637975450825883,0,0.082437,0.05942759840199096,0.11218812591182216,1,0.1546715
tb0040.png,0,1,False,0.5134727777774717,0.0,0.0,0,0.04063146,0.0,0.0,0,0.00034059887
tb0915.png,1,1,True,0.5260912893954819,0.0006735243693362724,0.0013461420791776296,0,0.14044797,0.026062912053382695,0.05080178173719376,0,0.14391485
tb0043.png,1,0,False,0.4842211648024563,0.053316519546027744,0.10123551383967053,0,0.07992744,0.097778230737872,0.17813840355014204,0,0.12673633
tb0858.png,1,1,True,0.4971081811941729,0.054370785604029574,0.10313408972704333,0,0.33808357,0.06422335352790767,0.12069525314400745,0,0.23955822
tb0390.png,1,1,True,0.5604026173296266,0.017813028214796515,0.035002554931016866,0,0.094239764,0.0,0.0,0,0.11386412
tb0164.png,0,0,True,0.47169447097735645,0.24355770732469156,0.3917111459968603,0,0.07381629,0.008545410847330894,0.01694601106786348,0,0.01672317
tb0618.png,1,0,False,0.46497649002448355,0.07769620971045087,0.14418944598742875,0,0.10411099,0.12411525736063994,0.22082301000353943,0,0.14944817
tb0378.png,1,1,True,0.5318899252480271,0.05663900905373141,0.10720597776236605,0,0.09362358,0.017058963385639562,0.03354567237449594,0,0.045971688
tb0346.png,0,0,True,0.4631340097691367,0.07571283954783195,0.14076775281339451,0,0.16887768,0.005796314629706512,0.011525821968915207,0,0.07749776
tb1044.png,0,0,True,0.4206464330186125,0.0,0.0,0,0.009063491,0.018402614788156958,0.03614015620332039,0,0.042829826
tb0051.png,1,0,False,0.4710771250289318,0.0,0.0,0,0.05285623,0.028402366863905324,0.05523590333716916,0,0.08447945
tb0376.png,1,0,False,0.47536815803645494,0.0380248833592535,0.07326391489999251,0,0.17740075,0.04470195942488321,0.0855783968271525,0,0.11680469
tb0329.png,0,1,False,0.5461496479136126,8.974042581832051e-05,0.00017946474639388024,0,0.024760664,0.0,0.0,0,0.0065184915
tb0124.png,0,1,False,0.5211025384283672,0.0,0.0,0,0.011494078,0.006138407750407003,0.012201915170163665,0,0.023145068
tb0201.png,1,1,True,0.5216466482615844,0.0,0.0,0,0.060978085,0.03221293920157447,0.06241529819707831,0,0.07876381
tb1080.png,0,1,False,0.500875376142244,0.032320061501009,0.06261635844607173,0,0.05602696,0.0241389945512491,0.0471400750868317,0,0.043263193
tb0555.png,0,1,False,0.5128292837770215,0.0,0.0,0,0.02913343,0.013215446869225551,0.026086153562029642,0,0.05372121
tb0239.png,0,1,False,0.5484238601912562,0.11052859736107724,0.1990558327335716,0,0.11114342,0.010137176870360446,0.020070891563000924,0,0.039954327
tb1067.png,1,0,False,0.4755617596723021,0.04597616050936552,0.0879105322763307,0,0.14325592,0.05433162655491449,0.10306363801766245,0,0.084361635
tb0286.png,1,0,False,0.41960528672288583,0.20863539805105033,0.3452412504010378,0,0.20073731,0.10135893280139634,0.18406158025809372,0,0.20719482
tb1136.png,1,0,False,0.4751572433094682,0.1349878197320341,0.23786655219595954,0,0.1929481,0.002458003795259746,0.004903953653826608,0,0.06876875
tb0680.png,1,1,True,0.4972638262495202,0.030209328585077737,0.05864697153648995,0,0.09841754,0.0750145499633088,0.13956006449562772,0,0.16714907
tb0252.png,0,0,True,0.47268428947765667,0.019420398946179904,0.038100863914937604,0,0.046687774,0.0395381734140899,0.0760687282588905,0,0.047891594
tb0472.png,1,0,False,0.4709057087721592,0.06303314584587286,0.11859112030926627,0,0.32283142,0.04693756711459912,0.08966641104294479,0,0.09660111
tb0987.png,1,0,False,0.4794534752497142,0.05513639001741149,0.10451045104510451,1,0.19570027,0.12994252674982434,0.2299984710259416,1,0.16262965
tb0917.png,1,1,True,0.5142470255751908,0.019659389644530803,0.038560699473153236,0,0.10266781,0.0,0.0,0,0.04947179
tb0898.png,0,0,True,0.49578483795346395,0.03622535211267606,0.06991790355026369,0,0.060664006,0.10090876518680174,0.1833190331074884,0,0.08592249
tb0905.png,0,1,False,0.49948238522973265,0.0,0.0,0,0.018345889,0.0,0.0,0,0.03954855
tb0523.png,1,0,False,0.4479078695774067,0.0,0.0,0,0.20212434,0.06230209207285718,0.1172963746146595,0,0.1727099
tb1060.png,1,1,True,0.5008940126778092,0.09701606732976281,0.1768726461152183,0,0.13843754,0.006200503959683226,0.012324589254890037,0,0.05357554
tb0812.png,0,1,False,0.5299083289874228,0.0,0.0,0,0.027946187,0.022610965291728374,0.0442220278466855,0,0.044257574
tb1056.png,1,1,True,0.5120535912006664,0.0,0.0,0,0.11280446,0.0080402433120751,0.01595222683899526,0,0.07159626
tb1117.png,1,0,False,0.48038121865857875,0.09168053920175404,0.1679622122215197,0,0.2665962,0.005802675303206653,0.011538397034900297,0,0.11678269
tb0726.png,1,1,True,0.5993397313122326,0.04460445435074094,0.08539970160947515,0,0.37220654,0.04329135511878167,0.08298996230799367,0,0.24126148
tb0506.png,1,1,True,0.5603738881532808,0.0,0.0,0,0.020122055,0.0064443611839640315,0.012806194624376443,0,0.027071258
tb0372.png,0,1,False,0.525269455026622,0.0,0.0,0,0.0018760178,0.0,0.0,0,0.018314935
tb0637.png,0,1,False,0.5127339379107808,0.0,0.0,0,0.040213376,0.021877148287435803,0.042817570241392953,0,0.051783603
tb0223.png,0,0,True,0.4560011612375873,0.0,0.0,0,0.031589374,0.0047009907665798885,0.009357989709939602,0,0.018461589
