split,filename,lesion_gradient,background_gradient,gradient_ratio
train,tb0139.png,0.13621306419372559,0.10972993820905685,1.241348113408504
train,tb0100.png,0.14503075182437897,0.11044337600469589,1.3131682853168996
train,tb0085.png,0.20721863210201263,0.14754174649715424,1.404474482490043
train,tb0631.png,0.11467505246400833,0.09101618081331253,1.2599412416547247
train,tb1180.png,0.22738566994667053,0.13648706674575806,1.6659868125847128
train,tb0146.png,0.1998814195394516,0.12647832930088043,1.5803608795333084
train,tb0081.png,0.133375883102417,0.10672084987163544,1.2497639473936248
train,tb0518.png,0.12324913591146469,0.0981888547539711,1.2552251848545797
train,tb1014.png,0.17960870265960693,0.09786207228899002,1.8353247596879902
train,tb0021.png,0.20613239705562592,0.13254672288894653,1.5551676949165747
train,tb1037.png,0.09325818717479706,0.07880537956953049,1.183398593474559
train,tb0332.png,0.1775272637605667,0.13455228507518768,1.319392312567873
train,tb0549.png,0.1997082382440567,0.12633083760738373,1.5808351010571724
train,tb0371.png,0.1909702867269516,0.15359805524349213,1.2433117983889639
train,tb1156.png,0.21601322293281555,0.1260444074869156,1.7137865146248104
train,tb0738.png,0.2426925003528595,0.14166781306266785,1.7131095481399656
train,tb0991.png,0.1677861511707306,0.08161865174770355,2.0557326912487817
train,tb0284.png,0.1511356383562088,0.07860544323921204,1.922711874661838
train,tb0567.png,0.1372181624174118,0.1023826003074646,1.3402487200251367
train,tb0205.png,0.20470105111598969,0.1521379053592682,1.345496621487126
train,tb0765.png,0.1700410395860672,0.08406077325344086,2.022834346824944
train,tb0908.png,0.14708907902240753,0.1118021309375763,1.3156195202427599
train,tb1127.png,0.1282038390636444,0.1305726170539856,0.981858464183601
train,tb1115.png,0.14006498456001282,0.12164060771465302,1.1514655810822998
train,tb0311.png,0.12990698218345642,0.10273351520299911,1.264504278683742
train,tb0203.png,0.18821106851100922,0.1519036591053009,1.2390159475380396
train,tb0660.png,0.15746241807937622,0.1218600869178772,1.2921573350256879
train,tb0663.png,0.18113268911838531,0.14029021561145782,1.2911283614301337
train,tb0140.png,0.24907295405864716,0.14335015416145325,1.7375142575917795
train,tb0353.png,0.24587003886699677,0.1159762293100357,2.12000354839684
train,tb0107.png,0.1255289763212204,0.08236601203680038,1.5240383500023251
train,tb1131.png,0.16391430795192719,0.09161128848791122,1.789236815299118
train,tb1070.png,0.1616860032081604,0.10497717559337616,1.5402013522675584
train,tb0996.png,0.25235480070114136,0.13621386885643005,1.8526364774262414
train,tb0829.png,0.16484041512012482,0.07375235110521317,2.235052717633919
train,tb0442.png,0.22604155540466309,0.13604523241519928,1.6615175319016464
train,tb0678.png,0.13081775605678558,0.08617181330919266,1.5181036101255407
train,tb0783.png,0.18256446719169617,0.13154815137386322,1.3878146625922299
train,tb0530.png,0.15901069343090057,0.08247597515583038,1.9279635536388597
train,tb0543.png,0.18717050552368164,0.15390893816947937,1.216111913893244
train,tb0653.png,0.21226723492145538,0.14004117250442505,1.5157486613964297
train,tb0787.png,0.16409282386302948,0.11063776910305023,1.4831536315474134
train,tb0705.png,0.18141016364097595,0.1382899284362793,1.3118102856381373
train,tb0600.png,0.14464116096496582,0.07044703513383865,2.0531898916437115
train,tb0176.png,0.14153847098350525,0.07713593542575836,1.8349223595079016
train,tb0732.png,0.24396982789039612,0.153938427567482,1.5848532162959434
train,tb0974.png,0.22212190926074982,0.13861232995986938,1.6024685055101002
train,tb0052.png,0.11637496948242188,0.0962904840707779,1.2085821202338103
train,tb0080.png,0.16763953864574432,0.11489945650100708,1.459010592048963
train,tb0476.png,0.07021421194076538,0.05448977276682854,1.2885757361379926
train,tb1165.png,0.194376602768898,0.13576814532279968,1.4316803694264832
train,tb0899.png,0.20341910421848297,0.1229102835059166,1.6550208970796323
train,tb0226.png,0.17563287913799286,0.12069790065288544,1.4551443201290755
train,tb0315.png,0.13565179705619812,0.08525867015123367,1.5910614240752503
train,tb1066.png,0.1732620745897293,0.08579739928245544,2.0194324751616874
train,tb0528.png,0.1126868948340416,0.11252863705158234,1.001406288857154
train,tb0431.png,0.14666509628295898,0.12621913850307465,1.1619876858810079
train,tb1108.png,0.152057483792305,0.09605225175619125,1.5830703099763688
train,tb1047.png,0.1690542995929718,0.13495102524757385,1.2527084307492267
train,tb0280.png,0.1354888379573822,0.09766183793544769,1.3873261751808885
train,tb0229.png,0.15545453131198883,0.1385464370250702,1.122039104213615
train,tb1013.png,0.19397425651550293,0.14464816451072693,1.3410072900789913
train,tb0098.png,0.09718126058578491,0.08589450269937515,1.13140243225912
train,tb1036.png,0.19279885292053223,0.1344468742609024,1.4340150311434088
train,tb0480.png,0.12357189506292343,0.08802241086959839,1.403868399007
train,tb1086.png,0.20069216191768646,0.14340980350971222,1.3994311616903043
train,tb0238.png,0.14441177248954773,0.10602710396051407,1.3620268164927005
train,tb0036.png,0.20963288843631744,0.1408080905675888,1.488784292887271
train,tb0851.png,0.1436638981103897,0.08831536769866943,1.6267144166055485
train,tb0291.png,0.1999187171459198,0.14443594217300415,1.3841340340697093
train,tb0814.png,0.22105218470096588,0.13815616071224213,1.600016731510193
train,tb0253.png,0.12557797133922577,0.10307131707668304,1.2183598960145166
train,tb0409.png,0.13452991843223572,0.08718892186880112,1.5429701402314653
train,tb0406.png,0.12339022755622864,0.11512493342161179,1.071794034281065
train,tb1139.png,0.23871228098869324,0.1391390860080719,1.7156377167697336
train,tb0154.png,0.20847712457180023,0.14695191383361816,1.41867570789915
train,tb1082.png,0.134901225566864,0.07510315626859665,1.7962122273834293
train,tb1098.png,0.253419429063797,0.13493473827838898,1.878088722861496
train,tb0059.png,0.22338297963142395,0.14465592801570892,1.5442365014228843
train,tb0034.png,0.24110053479671478,0.12786616384983063,1.8855693225001755
train,tb0262.png,0.14468936622142792,0.07283464074134827,1.9865457546470764
train,tb0450.png,0.12158400565385818,0.11028596013784409,1.1024430895597412
train,tb0539.png,0.10020443797111511,0.09433824568986893,1.0621824331852276
train,tb0235.png,0.18149930238723755,0.08459176868200302,2.1455903305867206
train,tb0251.png,0.25434139370918274,0.13501378893852234,1.883817770545035
train,tb0255.png,0.1148880198597908,0.072458416223526,1.5855715594122117
train,tb0269.png,0.18478642404079437,0.07886429131031036,2.3430934018385354
train,tb0407.png,0.21587447822093964,0.14743280410766602,1.4642227344537602
train,tb0598.png,0.2500166893005371,0.13651330769062042,1.83144541155427
train,tb0879.png,0.14110858738422394,0.10125671327114105,1.3935725236374599
train,tb0373.png,0.15848727524280548,0.09178581833839417,1.7267074679382721
train,tb1106.png,0.21597374975681305,0.1524355411529541,1.4168200798520065
train,tb0447.png,0.13241532444953918,0.10530921816825867,1.2573952611063823
train,tb0509.png,0.14338599145412445,0.10393309593200684,1.3795988310782106
train,tb1043.png,0.13232189416885376,0.06827329844236374,1.938120433705945
train,tb1079.png,0.2261042445898056,0.1548737734556198,1.4599258799317536
train,tb1018.png,0.15050478279590607,0.10187177360057831,1.4773942055045328
train,tb1092.png,0.24043568968772888,0.13251939415931702,1.8143432745794204
train,tb0117.png,0.21674613654613495,0.12956807017326355,1.6728359041539667
train,tb0062.png,0.12491363286972046,0.1025344505906105,1.218260008880949
train,tb0037.png,0.14935576915740967,0.09884317964315414,1.5110375302195038
train,tb0435.png,0.1981046199798584,0.1265365481376648,1.5655919751217786
train,tb0954.png,0.14241625368595123,0.11194556206464767,1.2721919327341236
train,tb0240.png,0.1742078810930252,0.14824749529361725,1.1751150938290067
train,tb0755.png,0.1342565268278122,0.071653813123703,1.8736826728147085
train,tb1175.png,0.12489980459213257,0.07283564656972885,1.7148167597358084
train,tb0377.png,0.13039280474185944,0.09105858951807022,1.431965848716831
train,tb1004.png,0.1858242154121399,0.08808234333992004,2.1096645169665558
train,tb0742.png,0.23224321007728577,0.15513287484645844,1.497059829108101
train,tb0657.png,0.14832963049411774,0.09586258977651596,1.5473149157222725
train,tb0319.png,0.21157722175121307,0.1320706158876419,1.6020005987645642
train,tb0020.png,0.24143938720226288,0.11531786620616913,2.093685689897805
train,tb0250.png,0.17256560921669006,0.15077465772628784,1.144526542946597
train,tb0852.png,0.18167540431022644,0.15916308760643005,1.1414417477565284
train,tb0587.png,0.18894268572330475,0.13355711102485657,1.4146957067765804
train,tb0596.png,0.19470474123954773,0.13206452131271362,1.4743151647470683
train,tb0197.png,0.12204152345657349,0.09215667843818665,1.3242828656807895
train,tb1055.png,0.13455970585346222,0.0659734234213829,2.039604411581974
train,tb0477.png,0.15996699035167694,0.07866256684064865,2.0335844155694436
train,tb0855.png,0.19565559923648834,0.1426369547843933,1.3717033276208364
train,tb1050.png,0.25680893659591675,0.17496035993099213,1.467812034789406
train,tb0217.png,0.17543987929821014,0.13813188672065735,1.2700895554413498
train,tb0617.png,0.22510533034801483,0.14229409396648407,1.5819722959219458
train,tb1122.png,0.19315668940544128,0.1494586020708084,1.2923757736618764
train,tb0881.png,0.2850484251976013,0.14829008281230927,1.9222351257031516
train,tb0612.png,0.1569724828004837,0.08856964111328125,1.7723055338641305
train,tb0914.png,0.1593545377254486,0.11281093955039978,1.4125804131650792
train,tb0163.png,0.17463473975658417,0.12374263256788254,1.4112737220783316
train,tb0602.png,0.17979338765144348,0.11356557905673981,1.583167834066487
train,tb0943.png,0.12904959917068481,0.09382198005914688,1.3754728405284293
train,tb0499.png,0.2068868726491928,0.14198219776153564,1.4571323823662958
train,tb0126.png,0.21676866710186005,0.15983180701732635,1.3562297616773107
train,tb0784.png,0.15854768455028534,0.1283429116010666,1.235344205760762
train,tb0646.png,0.10748133063316345,0.091112419962883,1.1796560653354187
train,tb0318.png,0.1877191811800003,0.13004402816295624,1.4435047068037998
train,tb0399.png,0.19684168696403503,0.13025745749473572,1.5111739138640192
train,tb0350.png,0.18869058787822723,0.15074996650218964,1.2516790533329636
train,tb0529.png,0.2581273019313812,0.13544034957885742,1.9058373939201765
train,tb0115.png,0.159855455160141,0.07296930998563766,2.1907214592599313
train,tb1023.png,0.15504448115825653,0.09072108566761017,1.7090234638073438
train,tb0621.png,0.20437383651733398,0.1598469614982605,1.2785593283483512
train,tb0125.png,0.11953505873680115,0.08780866116285324,1.3613126944502665
train,tb0388.png,0.2001427710056305,0.15136490762233734,1.3222533606168652
train,tb0574.png,0.1913202553987503,0.13829368352890015,1.3834344178447215
train,tb0170.png,0.12249904870986938,0.08375731110572815,1.4625473581615267
train,tb0439.png,0.13948439061641693,0.10321500152349472,1.351396357541134
train,tb1112.png,0.14118550717830658,0.09749965369701385,1.4480614786226254
train,tb0232.png,0.13659217953681946,0.08868205547332764,1.5402458073994845
train,tb0710.png,0.19863463938236237,0.12506698071956635,1.5882259438683894
train,tb0150.png,0.14670662581920624,0.11476445943117142,1.2783279228001114
train,tb0865.png,0.15917491912841797,0.1184493899345398,1.3438220811281851
train,tb0179.png,0.20429155230522156,0.14230269193649292,1.4356126027487035
train,tb1137.png,0.1530715674161911,0.09633376449346542,1.5889709317532696
train,tb0177.png,0.24313001334667206,0.14671210944652557,1.6571910641321586
train,tb0535.png,0.14578667283058167,0.10115884244441986,1.4411657438550112
train,tb1041.png,0.14418277144432068,0.07634086906909943,1.8886705681475666
train,tb1058.png,0.20387360453605652,0.1571919023990631,1.2969726077158639
train,tb1015.png,0.1357409656047821,0.12409640103578568,1.0938347408422513
train,tb1190.png,0.12344766408205032,0.08058354258537292,1.5319213427735856
train,tb1102.png,0.19347736239433289,0.14688794314861298,1.3171765161611544
train,tb0086.png,0.19668793678283691,0.12442503124475479,1.5807745355369003
train,tb0627.png,0.16130715608596802,0.09365690499544144,1.7223197677803004
train,tb0892.png,0.16021963953971863,0.0955595001578331,1.6766477692810284
train,tb0702.png,0.1362120509147644,0.07848109304904938,1.7356031658937587
train,tb0826.png,0.2183113545179367,0.15926437079906464,1.3707481448307546
train,tb0813.png,0.2058505415916443,0.14197003841400146,1.4499575360526733
train,tb0083.png,0.126749187707901,0.08699630200862885,1.4569489761281975
train,tb0068.png,0.20000551640987396,0.14782389998435974,1.3529984183954762
train,tb0807.png,0.19796238839626312,0.13659675419330597,1.449246543762304
train,tb1002.png,0.23068217933177948,0.13807110488414764,1.670749016007727
train,tb0880.png,0.16728155314922333,0.0867975577712059,1.9272608374254132
train,tb0056.png,0.2539624869823456,0.15117600560188293,1.6799125573672178
train,tb0166.png,0.12213204056024551,0.08659261465072632,1.4104208187806802
train,tb0645.png,0.15931636095046997,0.10192811489105225,1.5630265063814155
train,tb0750.png,0.22599127888679504,0.14579108357429504,1.550103462058401
train,tb0799.png,0.14974579215049744,0.11208885908126831,1.3359559551085003
train,tb0664.png,0.13135170936584473,0.10282869637012482,1.2773836606779174
train,tb0087.png,0.15570518374443054,0.09416161477565765,1.6535949131655483
train,tb0383.png,0.20420847833156586,0.13387511670589447,1.5253653412420982
train,tb0292.png,0.23446065187454224,0.12950780987739563,1.8103976431423594
train,tb0088.png,0.21543456614017487,0.14740552008152008,1.4615093885625086
train,tb0603.png,0.2417777180671692,0.1552388221025467,1.5574564353038756
train,tb1078.png,0.26981690526008606,0.14799454808235168,1.8231542345627751
train,tb0983.png,0.10676366835832596,0.09937085956335068,1.0743960360562432
train,tb0489.png,0.11250020563602448,0.09033044427633286,1.2454294239667103
train,tb0142.png,0.0967736467719078,0.0936325341463089,1.0335471246054222
train,tb1000.png,0.14561453461647034,0.10092101246118546,1.4428563154170793
train,tb0321.png,0.056033045053482056,0.05268668010830879,1.0635142374344282
train,tb0237.png,0.12621571123600006,0.07864482700824738,1.6048823551222313
train,tb0583.png,0.2196897715330124,0.1320543885231018,1.663630852058135
train,tb0916.png,0.2903199791908264,0.15906743705272675,1.825137604016445
train,tb0337.png,0.12315826117992401,0.09487293660640717,1.2981388855862375
train,tb0306.png,0.1910126805305481,0.13450707495212555,1.4200938232996003
train,tb0997.png,0.1435825079679489,0.0993446409702301,1.4452968183558796
train,tb0175.png,0.1891339272260666,0.1211213767528534,1.5615237927550476
train,tb0330.png,0.18940307199954987,0.07860224694013596,2.4096391041773852
train,tb0721.png,0.19634990394115448,0.15279313921928406,1.2850700764034853
train,tb0073.png,0.25053858757019043,0.13707000017166138,1.8278147587238467
train,tb0050.png,0.16688573360443115,0.12612517178058624,1.3231753663178385
train,tb0662.png,0.13342757523059845,0.09627600014209747,1.3858860066351686
train,tb0288.png,0.18877126276493073,0.12704472243785858,1.4858645387542098
train,tb0151.png,0.11273133754730225,0.10755546391010284,1.048122735636175
train,tb0449.png,0.12217463552951813,0.09281685948371887,1.3162977399377702
train,tb0349.png,0.14891812205314636,0.0825774073600769,1.803375872168445
train,tb0711.png,0.21904923021793365,0.15150834619998932,1.4457897617791533
train,tb1178.png,0.16887634992599487,0.10638359934091568,1.5874282793396837
train,tb0441.png,0.23834285140037537,0.14438705146312714,1.6507216712159642
train,tb1045.png,0.21519014239311218,0.14449132978916168,1.4892943944399195
train,tb0148.png,0.20691484212875366,0.12470902502536774,1.6591808451301384
train,tb0838.png,0.19148890674114227,0.15283642709255219,1.2529008813859195
train,tb0896.png,0.21976152062416077,0.11560167372226715,1.9010235279283427
train,tb0801.png,0.18979579210281372,0.13340142369270325,1.4227417715765909
train,tb0017.png,0.1798141598701477,0.1405371129512787,1.2794780204265712
train,tb0167.png,0.23049871623516083,0.14222241938114166,1.6206917378513321
train,tb0998.png,0.23609250783920288,0.14616668224334717,1.6152278211655893
train,tb1134.png,0.2686904966831207,0.14400389790534973,1.8658555909449657
train,tb0837.png,0.21735304594039917,0.1636708676815033,1.3279885158516662
train,tb0777.png,0.1503293663263321,0.14496396481990814,1.0370118956319285
train,tb0684.png,0.22629164159297943,0.14157119393348694,1.5984298734882265
train,tb0184.png,0.19022499024868011,0.13248267769813538,1.4358479100462682
train,tb0136.png,0.13188736140727997,0.09261386096477509,1.4240562459314787
train,tb0591.png,0.14307227730751038,0.10065153241157532,1.4214613495188377
train,tb0298.png,0.19012854993343353,0.13983573019504547,1.3596563344123522
train,tb0609.png,0.20230282843112946,0.1348334550857544,1.500390339315721
train,tb1084.png,0.17548227310180664,0.1511797308921814,1.1607525721780232
train,tb0999.png,0.17632454633712769,0.11070527881383896,1.5927382352403552
train,tb0690.png,0.25803107023239136,0.14226855337619781,1.813689996644481
train,tb0336.png,0.11443564295768738,0.08052553981542587,1.4211097374682629
train,tb0018.png,0.21006989479064941,0.14748847484588623,1.4243138710805512
train,tb0138.png,0.16301000118255615,0.08059211075305939,2.0226543197942597
train,tb0307.png,0.14699086546897888,0.12517841160297394,1.1742508300287335
train,tb0289.png,0.2390093207359314,0.14319363236427307,1.6691336066995976
train,tb0118.png,0.16849246621131897,0.1291447877883911,1.3046786947423201
train,tb0244.png,0.2278837114572525,0.15290458500385284,1.4903653578985665
train,tb0478.png,0.1514921486377716,0.09468896687030792,1.5998921273092321
train,tb0900.png,0.234546959400177,0.14845693111419678,1.5798989096761575
train,tb0512.png,0.14338937401771545,0.07020779699087143,2.0423565435729856
train,tb1129.png,0.13453401625156403,0.13402099907398224,1.0038278116328658
train,tb0576.png,0.13168396055698395,0.09927517175674438,1.326453986049115
train,tb0708.png,0.20455609261989594,0.17478393018245697,1.1703368879678524
train,tb0700.png,0.20531919598579407,0.14258256554603577,1.4400020142678829
train,tb0504.png,0.15917392075061798,0.11908958107233047,1.336589699547644
train,tb0047.png,0.20616263151168823,0.13658413290977478,1.5094184955853613
train,tb0323.png,0.11932757496833801,0.10518141090869904,1.1344928974853679
train,tb0246.png,0.155304417014122,0.13108451664447784,1.1847654409687298
train,tb0532.png,0.16645507514476776,0.12824121117591858,1.2979841709120052
train,tb1138.png,0.20811575651168823,0.15696758031845093,1.3258517639817844
train,tb0766.png,0.12900014221668243,0.09873594343662262,1.3065163977930898
train,tb0882.png,0.24769574403762817,0.15831226110458374,1.564602303468922
train,tb0053.png,0.15003742277622223,0.12440905719995499,1.2060007051984112
train,tb0316.png,0.14815539121627808,0.09567321836948395,1.5485564116652502
train,tb0666.png,0.16748261451721191,0.08653023838996887,1.9355383537374378
train,tb0804.png,0.1477818638086319,0.08073204010725021,1.8305228668454219
train,tb0382.png,0.19650858640670776,0.1567646563053131,1.2535260083671524
train,tb0830.png,0.1662079393863678,0.07871192693710327,2.111597628694875
train,tb0335.png,0.18083687126636505,0.11834938079118729,1.5279915685026983
train,tb0095.png,0.23964256048202515,0.15616343915462494,1.5345624202033572
train,tb0248.png,0.21178114414215088,0.10639549791812897,1.990508323952134
train,tb1174.png,0.12207378447055817,0.07452452927827835,1.63803474201603
train,tb1181.png,0.1340116262435913,0.07714451849460602,1.7371501110796403
train,tb1185.png,0.19938647747039795,0.13775932788848877,1.4473536279028443
train,tb1186.png,0.1658627986907959,0.09211094677448273,1.8006847882047456
train,tb0615.png,0.17681971192359924,0.11952345073223114,1.4793724247972464
train,tb1100.png,0.13997189700603485,0.09442327171564102,1.4823875474648833
train,tb0968.png,0.20151712000370026,0.15005065500736237,1.3429938480700012
train,tb0063.png,0.11907029896974564,0.09926709532737732,1.1994940174497737
train,tb1123.png,0.22689683735370636,0.14237631857395172,1.5936415809166888
train,tb0579.png,0.19255976378917694,0.11283702403306961,1.7065298236458668
train,tb0923.png,0.20170380175113678,0.14819590747356415,1.361061797043887
train,tb0194.png,0.16477501392364502,0.10528931766748428,1.5649735597516905
train,tb0990.png,0.11305538564920425,0.0770554468035698,1.4671950610507143
train,tb0091.png,0.14561361074447632,0.10203087329864502,1.4271523095440073
train,tb0758.png,0.13017812371253967,0.12971697747707367,1.0035549409867965
train,tb0398.png,0.13939572870731354,0.08249256014823914,1.6897973775919388
train,tb0979.png,0.11608561128377914,0.08983544260263443,1.292202665213432
train,tb0452.png,0.21858549118041992,0.14489856362342834,1.5085413590646781
train,tb0313.png,0.14814484119415283,0.1140032410621643,1.2994790921652895
train,tb0260.png,0.16656383872032166,0.09660957008600235,1.7240923578391052
train,tb0453.png,0.14341384172439575,0.10419376194477081,1.3764147227572683
train,tb0361.png,0.2196911871433258,0.1347881406545639,1.629899854523207
train,tb0827.png,0.15048444271087646,0.09311148524284363,1.6161746980692206
train,tb0077.png,0.15263508260250092,0.10800918936729431,1.4131674292247327
train,tb0874.png,0.2118455022573471,0.1363449990749359,1.5537459250959142
train,tb0069.png,0.1522417813539505,0.06626014411449432,2.2976369944881823
train,tb0888.png,0.2488277107477188,0.13593733310699463,1.8304588353758655
train,tb0042.png,0.1548130363225937,0.11824879795312881,1.3092143506762295
train,tb0300.png,0.21733537316322327,0.14035727083683014,1.5484438845454882
train,tb0114.png,0.19626261293888092,0.11169301718473434,1.7571608352441999
train,tb1116.png,0.12528717517852783,0.08852142840623856,1.4153314432551993
train,tb0380.png,0.22336532175540924,0.1432047039270401,1.5597623543957453
train,tb0366.png,0.14361676573753357,0.09368818998336792,1.5329226707635462
train,tb0601.png,0.1675197333097458,0.100345179438591,1.6694346211012348
train,tb0616.png,0.12088935822248459,0.11415934562683105,1.0589527030763284
train,tb0347.png,0.21092593669891357,0.1453089714050293,1.4515684760805379
train,tb1191.png,0.1402803659439087,0.09099655598402023,1.5416006574197878
train,tb0487.png,0.12661537528038025,0.11501983553171158,1.100813296132203
train,tb0079.png,0.23427028954029083,0.14881186187267303,1.5742715053052894
train,tb0964.png,0.28697821497917175,0.151473730802536,1.894574026222023
train,tb0867.png,0.2009744942188263,0.15111105144023895,1.3299787077354839
train,tb0168.png,0.21782828867435455,0.1316865235567093,1.6541424760076118
train,tb0216.png,0.22881655395030975,0.13648805022239685,1.6764583918730378
train,tb1005.png,0.15439531207084656,0.10598307847976685,1.4567919682801287
train,tb0355.png,0.23303325474262238,0.14823687076568604,1.5720329079979203
train,tb0309.png,0.1590232104063034,0.10191948711872101,1.5602825259338269
train,tb0221.png,0.17652606964111328,0.13324055075645447,1.3248673574991838
train,tb0419.png,0.20005659759044647,0.12414603680372238,1.6114616835664557
train,tb0875.png,0.13997071981430054,0.09375406056642532,1.4929561881276445
train,tb0816.png,0.15422944724559784,0.0946117714047432,1.6301294083642086
train,tb0897.png,0.12899787724018097,0.10039769858121872,1.284868739168739
train,tb0242.png,0.1496591567993164,0.09490286558866501,1.5769717816347324
train,tb0202.png,0.19535739719867706,0.14034415781497955,1.391987998077863
train,tb0174.png,0.1866334229707718,0.12341348826885223,1.5122610215958472
train,tb0559.png,0.18158167600631714,0.12451694160699844,1.4582888005436152
train,tb0031.png,0.1538245528936386,0.10476481914520264,1.4682842910996388
train,tb0681.png,0.1555219441652298,0.08590645343065262,1.8103637136776536
train,tb1029.png,0.17526783049106598,0.11898920685052872,1.472972384642493
train,tb0978.png,0.19266363978385925,0.10887201875448227,1.769633963727596
train,tb0797.png,0.19830894470214844,0.12333898991346359,1.6078364900095252
train,tb0271.png,0.23147453367710114,0.13023312389850616,1.777385882900544
train,tb0424.png,0.1325923651456833,0.08961229026317596,1.479622381707447
train,tb0839.png,0.14661246538162231,0.08881308883428574,1.6507977686397708
train,tb0570.png,0.18902523815631866,0.14387057721614838,1.313856027238777
train,tb0945.png,0.14923958480358124,0.08843771368265152,1.6875104716524605
train,tb0200.png,0.14692990481853485,0.0884486511349678,1.6611885689748078
train,tb0541.png,0.22079510986804962,0.1590898185968399,1.3878644022402034
train,tb0763.png,0.2686343789100647,0.13960731029510498,1.9242141339166137
train,tb0594.png,0.11487122625112534,0.09305507689714432,1.2344432752837557
train,tb1054.png,0.14495699107646942,0.0994291827082634,1.4578916626808969
train,tb0692.png,0.14700844883918762,0.08328705281019211,1.7650814409701783
train,tb0283.png,0.19784784317016602,0.14065814018249512,1.4065864147471787
train,tb0282.png,0.19615444540977478,0.1466306746006012,1.3377448652310973
train,tb0834.png,0.14342404901981354,0.10526809841394424,1.362464389080017
train,tb0049.png,0.21969328820705414,0.14087603986263275,1.5594793325144731
train,tb1170.png,0.1775626391172409,0.13235248625278473,1.3415888943878151
train,tb0955.png,0.20101629197597504,0.14500692486763,1.3862529551395135
train,tb1143.png,0.17952483892440796,0.14819015562534332,1.211449074011331
train,tb0496.png,0.22312885522842407,0.1379476636648178,1.6174890761157568
train,tb0104.png,0.13412342965602875,0.10055255889892578,1.3338637801571036
train,tb0492.png,0.19442011415958405,0.12452606111764908,1.561280400277793
train,tb1073.png,0.13131816685199738,0.08830258250236511,1.4871382949314895
train,tb0806.png,0.12321929633617401,0.0746355950832367,1.6509452318200515
train,tb0890.png,0.20582041144371033,0.15248502790927887,1.3497744714216708
train,tb0817.png,0.16796572506427765,0.09790656715631485,1.7155714145343717
train,tb0571.png,0.14955171942710876,0.10105917602777481,1.4798429049884334
train,tb0533.png,0.20110270380973816,0.1178286150097847,1.7067389506839976
train,tb0495.png,0.18016742169857025,0.14754365384578705,1.221112564256786
train,tb1104.png,0.21886301040649414,0.1609795242547989,1.3595704039003935
train,tb0607.png,0.248883917927742,0.13313926756381989,1.8693500707065225
train,tb0325.png,0.13738076388835907,0.07934530079364777,1.7314288962285787
train,tb0640.png,0.14062081277370453,0.13212284445762634,1.0643186097587953
train,tb0270.png,0.21724553406238556,0.09409350156784058,2.3088258737772103
train,tb0076.png,0.13436764478683472,0.0937124490737915,1.4338290352729974
train,tb0267.png,0.17956364154815674,0.1308603733778,1.3721772542095356
train,tb0333.png,0.22044093906879425,0.14100375771522522,1.5633691399934955
train,tb0940.png,0.16395752131938934,0.09878020733594894,1.6598214272172949
train,tb0669.png,0.23141464591026306,0.15543483197689056,1.4888209295099286
train,tb0776.png,0.1271534264087677,0.0775618776679039,1.6393802450141426
train,tb0639.png,0.19664828479290009,0.13812465965747833,1.4237013944036838
train,tb0625.png,0.22244641184806824,0.1330849677324295,1.6714614649844404
train,tb0876.png,0.2413838654756546,0.13224132359027863,1.8253284273699983
train,tb0693.png,0.14613264799118042,0.11354434490203857,1.2870093640256945
train,tb0985.png,0.22377465665340424,0.14356347918510437,1.5587156450682191
train,tb1017.png,0.20447887480258942,0.1568300873041153,1.3038241913864055
train,tb0405.png,0.19928239285945892,0.14598692953586578,1.3650700089544627
train,tb0120.png,0.14839638769626617,0.0956919863820076,1.5507711544010412
train,tb0392.png,0.1219516471028328,0.059792645275592804,2.039575706092001
train,tb0322.png,0.20790942013263702,0.13906453549861908,1.4950569851371756
train,tb0129.png,0.26828640699386597,0.13899748027324677,1.9301528859726744
train,tb0445.png,0.15846984088420868,0.10280773788690567,1.541419242628819
train,tb0434.png,0.10974633693695068,0.10185886919498444,1.0774351514988458
train,tb0497.png,0.13529492914676666,0.09800348430871964,1.3805112776956272
train,tb0970.png,0.2244478464126587,0.1379038393497467,1.6275676674073272
train,tb0821.png,0.1261713057756424,0.09942974895238876,1.2689491265493125
train,tb0369.png,0.17291490733623505,0.1083412915468216,1.5960202145209308
train,tb0790.png,0.11841563135385513,0.08895517140626907,1.331183068617854
train,tb0199.png,0.11621951311826706,0.09079241007566452,1.2800574433571892
train,tb0805.png,0.19603194296360016,0.15441617369651794,1.2695038711024733
train,tb0294.png,0.11290009319782257,0.10114681720733643,1.1162000461605548
train,tb0290.png,0.21739846467971802,0.1590309739112854,1.3670195538813532
train,tb0089.png,0.17308127880096436,0.11652824282646179,1.4853160036538386
train,tb0844.png,0.22833627462387085,0.13755184412002563,1.660001430621416
train,tb0843.png,0.2070152312517166,0.16419491171836853,1.2607894877942365
train,tb0611.png,0.1095585748553276,0.08233319222927094,1.3306730685664692
train,tb0128.png,0.20329006016254425,0.13645519316196442,1.4897933933765115
train,tb0864.png,0.12968769669532776,0.10508596897125244,1.2341103729052705
train,tb0212.png,0.18334807455539703,0.10883282870054245,1.6846760292625096
train,tb0686.png,0.1311090737581253,0.08485542982816696,1.5450874336827713
train,tb0636.png,0.09714902192354202,0.09275475144386292,1.047375039418743
train,tb0822.png,0.22776907682418823,0.15987175703048706,1.4246985634477498
train,tb0427.png,0.3097529411315918,0.12652488052845,2.4481581437285787
train,tb0672.png,0.20212475955486298,0.11463622003793716,1.7631839383410706
train,tb0054.png,0.22668685019016266,0.147875115275383,1.5329613399685118
train,tb0554.png,0.1655331552028656,0.10120243579149246,1.6356635840986866
train,tb0279.png,0.21924510598182678,0.14597105979919434,1.5019764278184176
train,tb0558.png,0.12171603739261627,0.08151904493570328,1.4930992206499163
train,tb0327.png,0.18832334876060486,0.14055228233337402,1.3398810196131368
train,tb0982.png,0.24196980893611908,0.15386904776096344,1.57256964107768
train,tb0030.png,0.12370415031909943,0.14150525629520416,0.8742017421530548
train,tb0299.png,0.21215102076530457,0.14195622503757477,1.4944818782292286
train,tb1008.png,0.1827543079853058,0.11769723892211914,1.55274919047798
train,tb0633.png,0.1806623488664627,0.14635227620601654,1.234434757050182
train,tb0586.png,0.14621075987815857,0.09832693636417389,1.4869856665398438
train,tb0931.png,0.22270184755325317,0.15989205241203308,1.3928261615599324
train,tb0981.png,0.19665850698947906,0.09249356389045715,2.12618562260755
train,tb0871.png,0.2344428300857544,0.14000649750232697,1.6745138084517812
train,tb0942.png,0.13427582383155823,0.07426769286394119,1.8079975366620968
train,tb0028.png,0.16371358931064606,0.13399840891361237,1.2217576195148303
train,tb0724.png,0.14480701088905334,0.07763063907623291,1.8653329917009143
train,tb0715.png,0.14972315728664398,0.10591074079275131,1.4136728912405299
train,tb0227.png,0.1381695568561554,0.09120717644691467,1.5148976987309464
train,tb0153.png,0.21361397206783295,0.12878522276878357,1.6586837440543194
train,tb0536.png,0.19389420747756958,0.13946107029914856,1.390310522919084
train,tb1064.png,0.1695071905851364,0.09171513468027115,1.848191933579309
train,tb1077.png,0.14525319635868073,0.09103827178478241,1.5955177702283994
train,tb0848.png,0.1263045072555542,0.10016746819019318,1.2609332843114338
train,tb1006.png,0.225311741232872,0.13850168883800507,1.626779621644945
train,tb0802.png,0.1313726156949997,0.09316159784793854,1.4101583123106938
train,tb0193.png,0.11265089362859726,0.10760633647441864,1.046879643436067
train,tb0545.png,0.12684564292430878,0.09500019997358322,1.3352143427849354
train,tb0137.png,0.1684088557958603,0.10290000587701797,1.6366261400497342
train,tb0459.png,0.13079328835010529,0.0981341302394867,1.3328010825887624
train,tb0928.png,0.22096608579158783,0.1188504621386528,1.8591940092068409
train,tb1075.png,0.21360008418560028,0.1296066790819168,1.648063735742807
train,tb0443.png,0.12356939911842346,0.09031936526298523,1.368138328665619
train,tb1141.png,0.21466785669326782,0.11517733335494995,1.8638028143409344
train,tb1107.png,0.20730946958065033,0.13862751424312592,1.495442342438934
train,tb0186.png,0.13783378899097443,0.10623679310083389,1.29742033803625
train,tb0584.png,0.1574552357196808,0.1211518868803978,1.2996514274565751
train,tb0057.png,0.20247820019721985,0.14521019160747528,1.394379995040214
train,tb0273.png,0.1346205323934555,0.12596391141414642,1.0687229397284936
train,tb0429.png,0.22412452101707458,0.12686856091022491,1.7665882054876318
train,tb0374.png,0.2215292900800705,0.11228865385055542,1.9728553398311253
train,tb1158.png,0.16487827897071838,0.08127431571483612,2.0286637572266057
train,tb0451.png,0.13812020421028137,0.12763167917728424,1.0821779849550395
train,tb0219.png,0.18795813620090485,0.12818826735019684,1.4662661835093007
train,tb0984.png,0.15662097930908203,0.10193534195423126,1.5364736208435763
train,tb0887.png,0.22498393058776855,0.15297091007232666,1.4707627468109181
train,tb0012.png,0.14548632502555847,0.07264216989278793,2.0027802750451693
train,tb0581.png,0.12251606583595276,0.09607655555009842,1.275191979797276
train,tb0595.png,0.1609490066766739,0.12608236074447632,1.2765385495713728
train,tb0277.png,0.20530323684215546,0.1501147747039795,1.3676416833092453
train,tb1162.png,0.16775351762771606,0.07158850133419037,2.343302221282505
train,tb1152.png,0.2099585086107254,0.12918496131896973,1.6252549074947604
train,tb0796.png,0.17676961421966553,0.11678890883922577,1.51358207590748
train,tb1072.png,0.21332311630249023,0.1482393443584442,1.4390450985550898
train,tb0550.png,0.1822962462902069,0.14532504975795746,1.2544033809022745
train,tb0920.png,0.12769556045532227,0.0950125977396965,1.3439854298617546
train,tb0065.png,0.2557344138622284,0.15517787635326385,1.648008101360826
train,tb0925.png,0.20611757040023804,0.1320054680109024,1.561431945901629
train,tb0949.png,0.16950589418411255,0.08846410363912582,1.9160978074745967
train,tb0798.png,0.1246766597032547,0.09268898516893387,1.3451074690800187
train,tb0475.png,0.14768432080745697,0.12859559059143066,1.1484399165152959
train,tb0746.png,0.19596059620380402,0.14486844837665558,1.352679516298225
train,tb0902.png,0.1836056113243103,0.14285199344158173,1.2852855185849352
train,tb0005.png,0.1827496439218521,0.13461433351039886,1.357579282832775
train,tb0460.png,0.20111584663391113,0.1480827033519745,1.3581318310658137
train,tb1114.png,0.16557420790195465,0.08700533956289291,1.9030347988231144
train,tb0823.png,0.13995672762393951,0.10332570970058441,1.3545197461919825
train,tb0675.png,0.19983403384685516,0.13337145745754242,1.4983267235210598
train,tb1071.png,0.15788066387176514,0.09581567347049713,1.6477538765392057
train,tb0831.png,0.2542172968387604,0.1410439908504486,1.802397091020634
train,tb0953.png,0.16560740768909454,0.07239440828561783,2.2875714953012447
train,tb0643.png,0.11744920909404755,0.08257915824651718,1.4222619528382212
train,tb0623.png,0.11471941322088242,0.09492754191160202,1.2084943824076584
train,tb0773.png,0.1389104127883911,0.13110508024692535,1.0595348550293897
train,tb0752.png,0.20550130307674408,0.13820123672485352,1.4869714126810958
train,tb0470.png,0.1782951056957245,0.12775123119354248,1.3956428448754428
train,tb0045.png,0.1595197468996048,0.13438817858695984,1.1870071959217074
train,tb0926.png,0.10542257130146027,0.10566916316747665,0.9976662837550027
train,tb0133.png,0.13277567923069,0.11446936428546906,1.1599231677423854
train,tb0305.png,0.23760592937469482,0.119251549243927,1.9924764999397284
train,tb0508.png,0.26441606879234314,0.14290307462215424,1.850317433605284
train,tb1027.png,0.1687324196100235,0.0942663922905922,1.7899528942440932
train,tb0342.png,0.1231420710682869,0.09732761979103088,1.2652324045359102
train,tb0132.png,0.16093985736370087,0.0853147804737091,1.8864238717587503
train,tb1096.png,0.13321053981781006,0.09822411835193634,1.356189584503287
train,tb0360.png,0.23124517500400543,0.14338688552379608,1.6127357675139053
train,tb0520.png,0.2122797667980194,0.14647164940834045,1.4492890136938783
train,tb1194.png,0.20946432650089264,0.10621554404497147,1.9720682943686934
train,tb1034.png,0.14789722859859467,0.09972313791513443,1.4830782189553118
train,tb0717.png,0.15054990351200104,0.0988682359457016,1.5227326233205654
train,tb0919.png,0.13504177331924438,0.11052725464105606,1.2217960315746588
train,tb0236.png,0.209474578499794,0.14486899971961975,1.4459585173199723
train,tb0730.png,0.2013961374759674,0.1240084245800972,1.6240519296764884
train,tb0420.png,0.15211373567581177,0.09950624406337738,1.5286851777067973
train,tb0275.png,0.15328754484653473,0.1071406677365303,1.4307128542110235
train,tb0084.png,0.20385877788066864,0.13176293671131134,1.547163166647427
train,tb0608.png,0.136444091796875,0.08948131650686264,1.524833136960823
train,tb0895.png,0.1606358289718628,0.09414589405059814,1.7062434164478366
train,tb0770.png,0.12388093769550323,0.08321312069892883,1.488718627156494
train,tb0285.png,0.14837168157100677,0.11137473583221436,1.3321842439445668
train,tb0293.png,0.1920710653066635,0.13592872023582458,1.413027731322413
train,tb1166.png,0.2295750081539154,0.15055687725543976,1.524838965117623
train,tb0759.png,0.1395917385816574,0.0669337809085846,2.0855196857489524
train,tb0505.png,0.22995392978191376,0.14374825358390808,1.5996988349545254
train,tb0720.png,0.1603509783744812,0.10173071920871735,1.5762295190619815
train,tb0092.png,0.14473606646060944,0.08901037275791168,1.6260582414779536
train,tb0303.png,0.1418476104736328,0.08822982013225555,1.6077058094864831
train,tb1074.png,0.1202969178557396,0.08102140575647354,1.4847545767074304
train,tb0527.png,0.14517605304718018,0.09549292176961899,1.5202806150870305
train,tb0654.png,0.18688181042671204,0.1492433100938797,1.2521954772190562
train,tb0994.png,0.13711154460906982,0.10770651698112488,1.2730105449700189
train,tb0562.png,0.1614782214164734,0.10000763833522797,1.6146587196530673
train,tb0734.png,0.12901608645915985,0.1031646803021431,1.2505837615690467
train,tb1163.png,0.1136937215924263,0.07092556357383728,1.6030003828459014
train,tb0794.png,0.253894180059433,0.13335397839546204,1.9039114098823076
train,tb0825.png,0.1429346203804016,0.0813092589378357,1.7579129937778812
train,tb0628.png,0.190987229347229,0.13575316965579987,1.4068711306171557
train,tb1003.png,0.2132849097251892,0.12487998604774475,1.7079189339791863
train,tb0929.png,0.23701655864715576,0.14237728714942932,1.6647075298697351
train,tb0190.png,0.18436016142368317,0.14709748327732086,1.2533195319386683
train,tb0354.png,0.15121304988861084,0.08508165180683136,1.7772695863877648
train,tb1105.png,0.13374534249305725,0.09391399472951889,1.4241256442876262
train,tb0786.png,0.2172975391149521,0.14646016061306,1.4836630205015988
train,tb1022.png,0.19013150036334991,0.13378801941871643,1.421139852268063
train,tb0540.png,0.23474419116973877,0.15386798977851868,1.5256206066734814
train,tb0556.png,0.1749282032251358,0.13439151644706726,1.3016311954313184
train,tb0909.png,0.1893015205860138,0.14191919565200806,1.333868236623232
train,tb0819.png,0.11379366368055344,0.11344098299741745,1.0031088469328193
train,tb0593.png,0.20902015268802643,0.11390885710716248,1.834977012732343
train,tb0040.png,0.13342048227787018,0.1027229055762291,1.298838545707563
train,tb1197.png,0.22304579615592957,0.14948251843452454,1.492119503809616
train,tb0915.png,0.22614827752113342,0.14665338397026062,1.5420596237069926
train,tb0043.png,0.1218387708067894,0.10266652703285217,1.1867427725530697
train,tb0921.png,0.12860552966594696,0.09062737971544266,1.4190580802310468
train,tb0833.png,0.18310950696468353,0.14669477939605713,1.2482345672845363
train,tb1032.png,0.21186761558055878,0.14242486655712128,1.4875745073620381
train,tb0622.png,0.1142745390534401,0.09167683869600296,1.2464928788332401
train,tb0676.png,0.20756202936172485,0.14429862797260284,1.4384198789259084
train,tb0930.png,0.12164423614740372,0.08218366652727127,1.4801508193301396
train,tb1020.png,0.24493874609470367,0.14020894467830658,1.7469550832661698
train,tb0858.png,0.15834103524684906,0.07447623461484909,2.126060948235285
train,tb0795.png,0.1362956464290619,0.0932261273264885,1.4619896344277261
train,tb0841.png,0.17030958831310272,0.0942351445555687,1.8072829520608933
train,tb0989.png,0.19010156393051147,0.11439915746450424,1.6617390505879002
train,tb0141.png,0.14559674263000488,0.11062382161617279,1.3161426475913096
train,tb0889.png,0.1433190107345581,0.06718754023313522,2.1331185649313458
train,tb0788.png,0.17041510343551636,0.10430682450532913,1.6337865514153793
train,tb0739.png,0.11895903199911118,0.08890357613563538,1.3380678684617047
train,tb0390.png,0.21611112356185913,0.13336291909217834,1.6204737330902994
train,tb0386.png,0.2210220843553543,0.14720964431762695,1.5014102531513724
train,tb0164.png,0.19782042503356934,0.0966539978981018,2.0466862092477633
train,tb0479.png,0.13746435940265656,0.0741407722234726,1.8540991243970992
train,tb0729.png,0.2316693216562271,0.1276928186416626,1.8142704184770475
train,tb0626.png,0.19691243767738342,0.14915931224822998,1.320148380331757
train,tb0228.png,0.13298684358596802,0.08989423513412476,1.479369935055886
train,tb0552.png,0.11153402179479599,0.09225145727396011,1.2090216566807799
train,tb0620.png,0.1458595246076584,0.11427199095487595,1.2764240005323424
train,tb0417.png,0.20843324065208435,0.12389477342367172,1.6823407321301347
train,tb0618.png,0.16024428606033325,0.08293291181325912,1.9322156093952279
train,tb0957.png,0.2279302477836609,0.15074574947357178,1.5120176420194482
train,tb0573.png,0.21571604907512665,0.13702359795570374,1.5742984168455278
train,tb0538.png,0.122482068836689,0.09975627064704895,1.2278131065255622
train,tb0961.png,0.11117378622293472,0.09768420457839966,1.138093669512064
train,tb0094.png,0.24762815237045288,0.13657477498054504,1.8131322879675578
train,tb0537.png,0.16557760536670685,0.08326858282089233,1.9884760839282847
train,tb0903.png,0.1038941964507103,0.09599343687295914,1.082305093057105
train,tb0966.png,0.2557266652584076,0.14114154875278473,1.8118452673908996
train,tb0425.png,0.1797565221786499,0.13252253830432892,1.3564221672364118
train,tb0378.png,0.20086707174777985,0.15286149084568024,1.3140461832215238
train,tb1196.png,0.15831078588962555,0.0943714901804924,1.6775274906814515
train,tb0853.png,0.1755334436893463,0.105425626039505,1.6649977205124054
train,tb0026.png,0.13133035600185394,0.11010468751192093,1.1927770473883272
train,tb0066.png,0.13843677937984467,0.12337880581617355,1.1220465885011128
train,tb1057.png,0.1788807511329651,0.14161339402198792,1.263162568320092
train,tb0324.png,0.1353326439857483,0.10590952634811401,1.2778135817809972
train,tb0082.png,0.15934684872627258,0.10961706936359406,1.4536680748237008
train,tb0677.png,0.2220044881105423,0.14030304551124573,1.5823211212442052
train,tb0071.png,0.13301415741443634,0.09235105663537979,1.4403099201831902
train,tb0346.png,0.12574610114097595,0.08779016882181168,1.4323481604497432
train,tb0907.png,0.14928363263607025,0.1217142641544342,1.2265088353290046
train,tb0209.png,0.21611233055591583,0.12075335532426834,1.7897002702622218
train,tb0862.png,0.14458678662776947,0.07336284965276718,1.970844475148752
train,tb1126.png,0.2318824976682663,0.14927983283996582,1.5533409819894703
train,tb0007.png,0.20273125171661377,0.13981032371520996,1.450044830946274
train,tb1179.png,0.19585421681404114,0.11554305255413055,1.6950755197637744
train,tb0484.png,0.19741150736808777,0.16046521067619324,1.2302448252412863
train,tb0075.png,0.21377448737621307,0.14678102731704712,1.456417608730071
train,tb0688.png,0.12934820353984833,0.09730082750320435,1.329363722440607
train,tb0418.png,0.1547785848379135,0.06935121864080429,2.231807393630604
train,tb1044.png,0.1263989508152008,0.10700105875730515,1.1812868066009046
train,tb0624.png,0.1974722146987915,0.12287300825119019,1.6071243101971961
train,tb0364.png,0.13348862528800964,0.09756815433502197,1.3681575972839541
train,tb0524.png,0.14319151639938354,0.10768875479698181,1.329679253628107
train,tb0592.png,0.14051589369773865,0.08188871294260025,1.7159370502850926
train,tb1049.png,0.13914752006530762,0.08777608722448349,1.5852552627105758
train,tb0962.png,0.20997631549835205,0.13858935236930847,1.5150969158716088
train,tb0542.png,0.18963471055030823,0.1553756147623062,1.2204920227378755
train,tb0051.png,0.12740984559059143,0.10015883296728134,1.272077849703317
train,tb0317.png,0.20183663070201874,0.12777699530124664,1.5796005723108737
train,tb0760.png,0.1545318365097046,0.09163936972618103,1.6863038245287842
train,tb0391.png,0.11243768781423569,0.10726043581962585,1.0482679514806057
train,tb0395.png,0.14190594851970673,0.09668552130460739,1.4677061459447598
train,tb1010.png,0.2084857076406479,0.15211516618728638,1.3705779585329299
train,tb0376.png,0.1582750529050827,0.07232271879911423,2.1884552136398536
train,tb0192.png,0.1891113966703415,0.14232823252677917,1.3286990221547914
train,tb0027.png,0.1864008605480194,0.11869344860315323,1.570439203151398
train,tb0301.png,0.1607043743133545,0.07445139437913895,2.158513672824463
train,tb0893.png,0.14488381147384644,0.08840513974428177,1.638861671440332
val,tb0329.png,0.1114564910531044,0.10832835733890533,1.0288763118197168
val,tb0733.png,0.21242938935756683,0.15600188076496124,1.3617103505342865
val,tb0544.png,0.20939619839191437,0.15169988572597504,1.3803318544803733
val,tb1124.png,0.2500869333744049,0.12480184435844421,2.0038719349163565
val,tb1024.png,0.14486685395240784,0.11050029844045639,1.3110085935232483
val,tb0951.png,0.23346970975399017,0.13935407996177673,1.6753703448390234
val,tb0024.png,0.15476492047309875,0.1574563831090927,0.9829065522024935
val,tb0463.png,0.1467641144990921,0.10204251110553741,1.4382642932479237
val,tb0241.png,0.21105864644050598,0.15790407359600067,1.3366256377542576
val,tb0465.png,0.12955006957054138,0.08010545372962952,1.6172438625135035
val,tb0402.png,0.17456144094467163,0.128419890999794,1.3593020987062718
val,tb0124.png,0.19042395055294037,0.110475093126297,1.7236820348132602
val,tb0644.png,0.18576471507549286,0.0964745506644249,1.9255305626283492
val,tb0019.png,0.21283495426177979,0.14765995740890503,1.4413856239883216
val,tb0456.png,0.16451005637645721,0.09494324773550034,1.7327197349258967
val,tb0345.png,0.14321663975715637,0.09617231786251068,1.489166821062093
val,tb0004.png,0.2144610434770584,0.13321878015995026,1.6098407981303837
val,tb0455.png,0.10514555126428604,0.09549664705991745,1.1010390782403472
val,tb1012.png,0.12092713266611099,0.09712390601634979,1.2450808989801665
val,tb0196.png,0.15876545011997223,0.08552410453557968,1.856382272790708
val,tb0563.png,0.24949391186237335,0.13012626767158508,1.9173215151212606
val,tb0995.png,0.18061818182468414,0.10497990250587463,1.7205023086162015
val,tb1188.png,0.11424039304256439,0.08367633819580078,1.36526504210299
val,tb0638.png,0.19788748025894165,0.1184660866856575,1.6704144543904735
val,tb0934.png,0.1648368388414383,0.12462124228477478,1.3227024750543028
val,tb0668.png,0.15175798535346985,0.07568025588989258,2.005251746528784
val,tb0606.png,0.20702271163463593,0.15091532468795776,1.3717804891245107
val,tb0201.png,0.11473441123962402,0.09910036623477936,1.1577595928375284
val,tb0147.png,0.21328085660934448,0.12500634789466858,1.7061600721865424
val,tb0029.png,0.2442505806684494,0.14056338369846344,1.7376542657501262
val,tb1031.png,0.1462104618549347,0.07980912923812866,1.8320014881839866
val,tb0564.png,0.13458961248397827,0.11323058605194092,1.1886329064472962
val,tb0206.png,0.24473506212234497,0.14215369522571564,1.7216228147817025
val,tb1059.png,0.1856452375650406,0.13948607444763184,1.3309229970874878
val,tb0749.png,0.21796740591526031,0.15488572418689728,1.4072787726999036
val,tb0473.png,0.2594378888607025,0.12866462767124176,2.0163884464013093
val,tb0842.png,0.16961967945098877,0.13482850790023804,1.2580400800407323
val,tb0348.png,0.19363753497600555,0.12964078783988953,1.4936465850445786
val,tb0575.png,0.10982522368431091,0.09383578598499298,1.1703979545489773
val,tb0647.png,0.11051720380783081,0.060541462153196335,1.825479293403604
val,tb0634.png,0.2641003429889679,0.1407124549150467,1.876879515602367
val,tb1068.png,0.24524734914302826,0.11526648700237274,2.127655090776116
val,tb1019.png,0.17200323939323425,0.0927874818444252,1.8537330406735038
val,tb0503.png,0.19873571395874023,0.1559516340494156,1.2743418972599474
val,tb0832.png,0.16559751331806183,0.13370050489902496,1.2385704979754681
val,tb0191.png,0.2577029764652252,0.157439723610878,1.6368356993168829
val,tb0162.png,0.185911625623703,0.13198335468769073,1.4085989250510587
val,tb0927.png,0.22412994503974915,0.11007162928581238,2.0362188343336345
val,tb1154.png,0.14818158745765686,0.09490663558244705,1.5613404788279968
val,tb0033.png,0.2190503478050232,0.13858823478221893,1.580583895475727
val,tb1052.png,0.1337982565164566,0.09586291015148163,1.395724815236485
val,tb0846.png,0.16039113700389862,0.10262414067983627,1.5628985569321012
val,tb0135.png,0.212572380900383,0.12753726541996002,1.6667470761031695
val,tb0695.png,0.12708188593387604,0.07299770414829254,1.7409022654560555
val,tb1080.png,0.23903271555900574,0.13665397465229034,1.7491821857021828
val,tb0555.png,0.18873170018196106,0.13750451803207397,1.3725489835355673
val,tb0239.png,0.13435985147953033,0.10732770711183548,1.2518653624163774
val,tb0743.png,0.12478284537792206,0.09474429488182068,1.3170485079136942
val,tb0870.png,0.19340729713439941,0.13595275580883026,1.422606564741454
val,tb1133.png,0.19361639022827148,0.12243344634771347,1.5814009994000093
val,tb1067.png,0.14295373857021332,0.09333635866641998,1.5315973892355252
val,tb0521.png,0.1477929651737213,0.11111445724964142,1.3300965106701554
val,tb0145.png,0.13751137256622314,0.09809663146734238,1.4017949086666992
val,tb0553.png,0.18068479001522064,0.150931715965271,1.1971292904766475
val,tb0498.png,0.20111443102359772,0.13887827098369598,1.4481345074195449
val,tb0849.png,0.1994333267211914,0.13743048906326294,1.4511576984770092
val,tb0494.png,0.14739172160625458,0.1020030528306961,1.444973489187224
val,tb0404.png,0.13346871733665466,0.1040971577167511,1.2821551274077283
val,tb0863.png,0.1444406807422638,0.0946652889251709,1.5258038836008783
val,tb0393.png,0.12300638109445572,0.0889570564031601,1.3827612135609506
val,tb0286.png,0.14882926642894745,0.08025828003883362,1.8543787359154453
val,tb1021.png,0.11831148713827133,0.09157945960760117,1.2918996762616257
val,tb0619.png,0.22245770692825317,0.1540188044309616,1.4443541053743734
val,tb0266.png,0.11713390797376633,0.09032490104436874,1.2968062367227648
val,tb0408.png,0.13584676384925842,0.07999977469444275,1.6980891182160287
val,tb0965.png,0.09983920305967331,0.08836322277784348,1.1298726848380696
val,tb0485.png,0.14018282294273376,0.08966060727834702,1.56348268836409
val,tb0884.png,0.12465734034776688,0.07534084469079971,1.6545782611487878
val,tb0659.png,0.11428245157003403,0.08929042518138885,1.2798957843342929
val,tb1167.png,0.14103154838085175,0.10738757252693176,1.3132947503076755
val,tb1132.png,0.19630862772464752,0.1255553662776947,1.5635222763417607
val,tb0725.png,0.14166344702243805,0.09880396723747253,1.4337828393481977
val,tb0264.png,0.13430006802082062,0.08546137064695358,1.5714708445399774
val,tb0754.png,0.16634169220924377,0.10057132691144943,1.6539671969927527
val,tb0566.png,0.1696513593196869,0.09925734996795654,1.7092068474766586
val,tb1085.png,0.14228439331054688,0.10987424850463867,1.2949747761395807
val,tb0469.png,0.18125125765800476,0.12772633135318756,1.4190593399744431
val,tb0691.png,0.12716473639011383,0.0917406752705574,1.3861324015085068
val,tb1160.png,0.19332140684127808,0.13935847580432892,1.3872237899650952
val,tb0234.png,0.13217031955718994,0.11007551848888397,1.2007239154026612
val,tb1148.png,0.12056637555360794,0.12381206452846527,0.973785279123878
val,tb0569.png,0.1435045450925827,0.09468653053045273,1.5155749094712074
val,tb0514.png,0.17802762985229492,0.14947037398815155,1.1910562152995279
val,tb1042.png,0.30587413907051086,0.12940804660320282,2.3636406194430135
val,tb0507.png,0.1513829082250595,0.1037091389298439,1.4596871133082527
val,tb0256.png,0.1270579993724823,0.09628717601299286,1.3195732956131596
val,tb1136.png,0.17308567464351654,0.0760994628071785,2.2744661461989697
val,tb0356.png,0.2427443414926529,0.13350564241409302,1.8182326898020424
val,tb0365.png,0.2508547902107239,0.12952567636966705,1.9367184783316482
val,tb0781.png,0.2055455446243286,0.14462536573410034,1.4212273854502027
val,tb0155.png,0.19003595411777496,0.13523370027542114,1.4052409989398493
val,tb1090.png,0.16464073956012726,0.06402035802602768,2.571693113247835
val,tb1113.png,0.15381291508674622,0.12237367779016495,1.2569116602131853
val,tb0500.png,0.12944616377353668,0.06920164078474045,1.8705646802587645
val,tb0585.png,0.21976357698440552,0.12449485063552856,1.765242162307293
val,tb1030.png,0.27104076743125916,0.1501232087612152,1.8054553430697116
val,tb0287.png,0.15060162544250488,0.08032520115375519,1.8748985938453309
val,tb1028.png,0.19265757501125336,0.1465373933315277,1.3147331031612652
val,tb0274.png,0.13499091565608978,0.10679394006729126,1.2640314884038986
val,tb1157.png,0.1281823217868805,0.11152750998735428,1.1493335618098084
val,tb0474.png,0.18555517494678497,0.15773744881153107,1.1763545345845292
val,tb0006.png,0.17136859893798828,0.11188250035047531,1.5316835348185434
val,tb0208.png,0.1496075838804245,0.09039999544620514,1.654951049416168
val,tb1065.png,0.1790349930524826,0.10333475470542908,1.732572707383117
val,tb0680.png,0.15772080421447754,0.09806422144174576,1.6083418173543764
val,tb1192.png,0.13158810138702393,0.08318299055099487,1.5819109735811296
val,tb1161.png,0.12073243409395218,0.08999425917863846,1.34155691463307
val,tb0980.png,0.1309089958667755,0.09043166786432266,1.4476010946427664
val,tb0577.png,0.14066988229751587,0.0782124325633049,1.798561426893913
val,tb0792.png,0.14741069078445435,0.07780575007200241,1.8945986858561459
val,tb0297.png,0.13096390664577484,0.08641118556261063,1.51558956907248
val,tb0134.png,0.1492508202791214,0.09438764303922653,1.5812536435999136
val,tb0751.png,0.14090262353420258,0.09488354623317719,1.485005717828842
val,tb0762.png,0.14559710025787354,0.1278224140405655,1.1390575742145768
val,tb0397.png,0.2601853311061859,0.12113378196954727,2.14791700049806
val,tb0326.png,0.12458857148885727,0.08176474273204803,1.5237442458506238
val,tb0009.png,0.11707091331481934,0.08672751486301422,1.3498703381623351
val,tb1177.png,0.23985913395881653,0.14682573080062866,1.6336313554481963
val,tb1120.png,0.11647029966115952,0.07636629045009613,1.5251530973046228
val,tb0252.png,0.14435522258281708,0.09700463712215424,1.488126877066375
val,tb0860.png,0.16667704284191132,0.09421037882566452,1.7692002434078231
val,tb0859.png,0.2211911827325821,0.11363882571458817,1.9464400646282503
val,tb0467.png,0.16086751222610474,0.1117541640996933,1.4394765432439112
val,tb0635.png,0.11362717300653458,0.11407549679279327,0.9960698505852528
val,tb0912.png,0.1641138643026352,0.11580271273851395,1.417184850421948
val,tb1011.png,0.22305844724178314,0.13116706907749176,1.700567313159449
val,tb0472.png,0.14774517714977264,0.09031063318252563,1.6359663927004355
val,tb0987.png,0.19578929245471954,0.12298967689275742,1.5919163419404487
val,tb0938.png,0.15052872896194458,0.11098021268844604,1.356356342737956
val,tb0610.png,0.22609637677669525,0.13477067649364471,1.677637642569678
val,tb0108.png,0.2283743917942047,0.14079070091247559,1.6220842292370885
val,tb0917.png,0.1299617439508438,0.10218440741300583,1.271835248867432
val,tb0343.png,0.1354166567325592,0.10103718191385269,1.3402654425314935
val,tb0950.png,0.20418837666511536,0.1424403190612793,1.4335011580692953
val,tb0446.png,0.14624229073524475,0.05988334119319916,2.4421193507262036
val,tb0960.png,0.18170446157455444,0.11924456804990768,1.5237964236705615
val,tb0090.png,0.236721470952034,0.13847844302654266,1.7094462407567532
val,tb0898.png,0.22367164492607117,0.13802321255207062,1.620536318384313
val,tb0413.png,0.13315707445144653,0.09724575281143188,1.3692840757457974
val,tb0905.png,0.20116515457630157,0.1504560261964798,1.3370361180697397
val,tb1183.png,0.1534142643213272,0.0876060351729393,1.7511835401139129
val,tb0679.png,0.15406501293182373,0.11056482791900635,1.393435886413393
val,tb0642.png,0.2456643283367157,0.13793814182281494,1.7809744808838512
val,tb1173.png,0.15382617712020874,0.08107304573059082,1.8973773189378678
val,tb0735.png,0.14225931465625763,0.09692171961069107,1.4677752370668131
val,tb0523.png,0.15249554812908173,0.07693739235401154,1.9820730030292033
val,tb1060.png,0.1851852834224701,0.09747474640607834,1.899828122175459
val,tb0526.png,0.22197087109088898,0.11572633683681488,1.9180668634074223
val,tb0515.png,0.15090380609035492,0.07064928859472275,2.1359561820423636
val,tb0812.png,0.2104375809431076,0.16044430434703827,1.311592634488342
val,tb1056.png,0.17735257744789124,0.11520303785800934,1.5394781713282688
val,tb1117.png,0.14455094933509827,0.10536909848451614,1.371853206448452
val,tb0719.png,0.24658285081386566,0.13509401679039001,1.8252683458496661
val,tb0493.png,0.16831259429454803,0.101826511323452,1.6529347375022565
val,tb0726.png,0.22177450358867645,0.11285562068223953,1.9651168687640665
val,tb0032.png,0.1715533584356308,0.11405981332063675,1.5040647393725342
val,tb0338.png,0.1540263295173645,0.06939539313316345,2.2195465774844196
val,tb0096.png,0.21293726563453674,0.13856425881385803,1.536740080666745
val,tb0015.png,0.15462014079093933,0.09585867822170258,1.6130008000248544
val,tb0506.png,0.20830324292182922,0.15281660854816437,1.3630928684381058
val,tb0713.png,0.20058026909828186,0.12718799710273743,1.5770375970767518
val,tb1099.png,0.15998469293117523,0.10863183438777924,1.472723710370631
val,tb0767.png,0.1432725191116333,0.09977120161056519,1.4360106166783444
val,tb1093.png,0.14578944444656372,0.08095738291740417,1.8008169383036297
val,tb0103.png,0.22399578988552094,0.12327288836240768,1.8170724697897498
val,tb0372.png,0.2347094714641571,0.14352984726428986,1.635265832055925
val,tb1168.png,0.16139419376850128,0.08347517997026443,1.9334390712497114
val,tb0918.png,0.243047297000885,0.12533077597618103,1.9392465714455496
val,tb0389.png,0.15413980185985565,0.09644364565610886,1.5982368234720918
val,tb0667.png,0.10961918532848358,0.08998916298151016,1.2181374902846007
val,tb0433.png,0.17216728627681732,0.12234404683113098,1.4072386574074156
val,tb0231.png,0.14521540701389313,0.09716849774122238,1.4944698687832945
val,tb0548.png,0.2147168070077896,0.14856186509132385,1.4453022141501584
val,tb0156.png,0.1463567316532135,0.10399772971868515,1.4073068515634073
val,tb0501.png,0.1784660965204239,0.1332932859659195,1.338897768467322
val,tb0716.png,0.2433980256319046,0.14287789165973663,1.7035386354676205
val,tb0183.png,0.15972594916820526,0.11895843595266342,1.3427037306099667
val,tb0362.png,0.18358208239078522,0.14072240889072418,1.3045688372749125
val,tb0963.png,0.19711357355117798,0.1319165825843811,1.4942288129910064
val,tb0370.png,0.24206607043743134,0.14425691962242126,1.6780203978485897
val,tb0003.png,0.1847473531961441,0.11302824318408966,1.6345236521991118
val,tb0357.png,0.12613369524478912,0.0807616338133812,1.5618019803590273
val,tb0824.png,0.21089686453342438,0.15844844281673431,1.331012457264908
val,tb0637.png,0.11575751006603241,0.0936223641037941,1.236429979202389
val,tb0582.png,0.20056186616420746,0.15011784434318542,1.3360293953156408
val,tb0014.png,0.13222718238830566,0.11342155933380127,1.165802793639358
val,tb1150.png,0.25487858057022095,0.14601284265518188,1.7455900349548819
val,tb0510.png,0.1200617104768753,0.09576086699962616,1.2537657782451597
val,tb0223.png,0.1986493617296219,0.1394616961479187,1.4244007707673272
val,tb0352.png,0.2072473019361496,0.1380218118429184,1.5015546032424947
