image_key,YOLO_IoU,YOLO_Dice,YOLO_Pointing,YOLO_LesionRecall50,YOLO_GT_Count,YOLO_Pred_Count,image_name,target,prediction,correct,probability,GradCAM_IoU,GradCAM_Dice,GradCAM_Pointing,GradCAM_Energy,GradCAMPP_IoU,GradCAMPP_Dice,GradCAMPP_Pointing,GradCAMPP_Energy
tb0005,0.0,0.0,0.0,0.0,1,0,tb0005.png,0,1,False,0.5030554895808559,0.0,0.0,0,0.0035154342,0.0,0.0,0,0.0036138576
tb0040,0.7250112265718586,0.8405872557857894,1.0,1.0,1,1,tb0040.png,0,1,False,0.5134727777774717,0.0,0.0,0,0.04063146,0.0,0.0,0,0.00034059887
tb0043,0.0,0.0,0.0,0.0,2,0,tb0043.png,1,0,False,0.4842211648024563,0.0533165195460277,0.1012355138396705,0,0.07992744,0.097778230737872,0.178138403550142,0,0.12673633
tb0050,0.31479391074695084,0.38634789312351137,1.0,0.5,2,1,tb0050.png,1,1,True,0.514928211183197,0.0,0.0,0,0.02224549,0.046266534198274,0.0884412005660236,0,0.06813811
tb0051,0.0,0.0,0.0,0.0,2,0,tb0051.png,1,0,False,0.4710771250289318,0.0,0.0,0,0.05285623,0.0284023668639053,0.0552359033371691,0,0.08447945
tb0079,0.7972836987324319,0.8870418691358619,1.0,1.0,2,2,tb0079.png,1,0,False,0.4194802670491138,0.150983519404572,0.2623556581986143,1,0.2860927,0.0893622148441683,0.1640633640977744,0,0.16888432
tb0080,0.6811729078183748,0.8103543718204685,1.0,1.0,1,3,tb0080.png,0,0,True,0.481151820047368,0.070146696043538,0.1310973463785457,0,0.23796797,0.0233504995818477,0.0456353900083872,0,0.21968837
tb0083,0.7641816849305113,0.866329915402802,1.0,1.0,1,2,tb0083.png,0,1,False,0.5103245561854639,0.130754607818828,0.231269644031869,0,0.120952316,0.0,0.0,0,0.042115968
tb0084,0.7242401194369654,0.8400687482825295,1.0,1.0,1,1,tb0084.png,0,1,False,0.5144285188561757,0.0336047711893565,0.0650244118952507,0,0.09964289,0.0101084845201442,0.0200146512479723,0,0.050664525
tb0085,0.3907853289585207,0.5619635479634479,1.0,0.0,1,1,tb0085.png,0,1,False,0.5537981591916162,0.0108466405543838,0.0214605067064083,0,0.02776636,0.0,0.0,0,0.012937806
tb0104,0.6669447208275167,0.7967675139901861,1.0,1.0,2,3,tb0104.png,1,1,True,0.5039438504521514,0.0006041915790798,0.0012076535040821,0,0.14087796,0.1589235250103578,0.274260590247208,0,0.17929691
tb0124,0.8604582824135132,0.9249960512925537,1.0,1.0,1,1,tb0124.png,0,1,False,0.5211025384283672,0.0,0.0,0,0.011494078,0.006138407750407,0.0122019151701636,0,0.023145068
tb0128,0.0,0.0,0.0,0.0,1,0,tb0128.png,0,1,False,0.4981490614153839,0.0,0.0,0,0.013441709,0.0469757273389764,0.0897360389784226,0,0.04534589
tb0146,0.0,0.0,0.0,0.0,1,0,tb0146.png,0,0,True,0.4683536255229943,0.0,0.0,0,0.0038485385,0.0001753975678203,0.0003507336178172,0,0.0045459243
tb0154,0.0,0.0,0.0,0.0,2,0,tb0154.png,1,0,False,0.4931258306775956,0.0,0.0,0,0.022644332,0.0075940899879989,0.0150737088743532,0,0.068602756
tb0163,0.8155875501470764,0.8984282251561018,1.0,1.0,1,1,tb0163.png,0,0,True,0.4677863326668411,0.2351663045295002,0.3807848443843031,1,0.14176615,0.0068433145445228,0.013593603782568,0,0.024941916
tb0164,0.36834968522734807,0.538385310719968,1.0,0.0,1,2,tb0164.png,0,0,True,0.4716944709773564,0.2435577073246915,0.3917111459968603,0,0.07381629,0.0085454108473308,0.0169460110678634,0,0.01672317
tb0166,0.5652289033375999,0.7222316200938275,1.0,1.0,1,1,tb0166.png,0,0,True,0.4574196412422976,0.0464539543323756,0.0887835611687523,0,0.07000478,0.0061717561717561,0.012267798482514,0,0.02981287
tb0176,0.8153299185487656,0.8982718901042154,1.0,1.0,1,1,tb0176.png,0,0,True,0.4712609550412916,0.0,0.0,0,0.05144623,0.0,0.0,0,0.024089688
tb0201,0.6513738467853933,0.7887866143091145,1.0,1.0,2,3,tb0201.png,1,1,True,0.5216466482615844,0.0,0.0,0,0.060978085,0.0322129392015744,0.0624152981970783,0,0.07876381
tb0212,0.4649074741491277,0.4818156005673925,1.0,0.5,2,1,tb0212.png,1,0,False,0.4782345025398668,0.0516735050923708,0.0982691012793599,0,0.13493305,0.0300764072381788,0.0583964588002148,0,0.0705263
tb0223,0.0,0.0,0.0,0.0,1,0,tb0223.png,0,0,True,0.4560011612375873,0.0,0.0,0,0.031589374,0.0047009907665798,0.0093579897099396,0,0.018461589
tb0239,0.6459266928344627,0.7848790540265284,1.0,1.0,1,1,tb0239.png,0,1,False,0.5484238601912562,0.1105285973610772,0.1990558327335716,0,0.11114342,0.0101371768703604,0.0200708915630009,0,0.039954327
tb0242,0.8093503652469906,0.8946308916089979,1.0,1.0,1,1,tb0242.png,0,0,True,0.4376204052372989,9.180839587780305e-05,0.00018359993574,0,0.025908133,0.0026424414086112,0.0052709546284493,0,0.016884243
tb0252,0.6994326467161592,0.8231366486546956,1.0,1.0,1,1,tb0252.png,0,0,True,0.4726842894776566,0.0194203989461799,0.0381008639149376,0,0.046687774,0.0395381734140899,0.0760687282588905,0,0.047891594
tb0283,0.32728665699019,0.39561457231875913,1.0,0.5,2,2,tb0283.png,1,1,True,0.5584426469062485,0.0305961773623465,0.0593756857135891,1,0.32879236,0.0750570943374129,0.1396336896575202,0,0.32155466
tb0286,0.6587611990926566,0.793138728199905,1.0,1.0,2,2,tb0286.png,1,0,False,0.4196052867228858,0.2086353980510503,0.3452412504010378,0,0.20073731,0.1013589328013963,0.1840615802580937,0,0.20719482
tb0293,0.4152911351965432,0.45372572641312264,1.0,0.5,2,1,tb0293.png,1,1,True,0.5665498971067346,0.0,0.0,0,0.019996282,0.0,0.0,0,0.024227457
tb0313,0.9085949164443127,0.9521087042786566,1.0,1.0,1,1,tb0313.png,0,0,True,0.4926197602822806,0.1529590088308949,0.2653329522720777,1,0.3524822,0.0288097154144414,0.0560059163182296,0,0.14688745
tb0321,0.7009522113380902,0.8241880126504803,1.0,1.0,1,1,tb0321.png,0,0,True,0.3892501572270337,0.0861419300816412,0.158620025055411,0,0.08108947,0.1119485628336721,0.2013556500282427,0,0.09356942
tb0329,0.8602230105520634,0.9248600900778802,1.0,1.0,1,1,tb0329.png,0,1,False,0.5461496479136126,8.974042581832051e-05,0.0001794647463938,0,0.024760664,0.0,0.0,0,0.0065184915
tb0342,0.6097858603063947,0.757598728305804,1.0,1.0,1,1,tb0342.png,0,0,True,0.4327641877792781,0.1481871155713823,0.2581236343131035,0,0.09895823,0.0834986303957684,0.1541278005404934,0,0.08224384
tb0346,0.5416369134585661,0.7026776651882803,1.0,1.0,1,1,tb0346.png,0,0,True,0.4631340097691367,0.0757128395478319,0.1407677528133945,0,0.16887768,0.0057963146297065,0.0115258219689152,0,0.07749776
tb0372,0.9446503159009856,0.9715374616986756,1.0,1.0,1,1,tb0372.png,0,1,False,0.525269455026622,0.0,0.0,0,0.0018760178,0.0,0.0,0,0.018314935
tb0376,0.4408648134262143,0.4685740258696457,1.0,0.5,2,1,tb0376.png,1,0,False,0.4753681580364549,0.0380248833592535,0.0732639148999925,0,0.17740075,0.0447019594248832,0.0855783968271525,0,0.11680469
tb0378,0.3157793127481745,0.387089140179819,1.0,0.5,2,1,tb0378.png,1,1,True,0.5318899252480271,0.0566390090537314,0.107205977762366,0,0.09362358,0.0170589633856395,0.0335456723744959,0,0.045971688
tb0380,0.7412521257049937,0.851401258625746,1.0,1.0,1,2,tb0380.png,0,1,False,0.5268399615250842,0.0408251691018944,0.0784476976803348,0,0.06481733,0.0077949613369917,0.0154693397685786,0,0.06048646
tb0382,0.2095047020305192,0.34643057059439664,1.0,0.0,1,1,tb0382.png,0,0,True,0.4890875858311257,0.0,0.0,0,0.03802063,0.0377072600545478,0.0726741760534,0,0.033636775
tb0390,0.7650834994289641,0.8633061913870854,1.0,1.0,2,2,tb0390.png,1,1,True,0.5604026173296266,0.0178130282147965,0.0350025549310168,0,0.094239764,0.0,0.0,0,0.11386412
tb0398,0.8388603620066613,0.9121984999811199,1.0,1.0,2,3,tb0398.png,1,0,False,0.4771302049499115,0.0946469820226976,0.1729269501073453,1,0.42822227,0.0345528699815926,0.0667976881301531,0,0.18683648
tb0435,0.836973946625911,0.9099078388841235,1.0,1.0,2,3,tb0435.png,1,1,True,0.5126683500453441,0.026233336576822,0.0511254811977319,1,0.44409496,0.1235103716262807,0.2198651205106358,1,0.4343985
tb0472,0.6325704621255581,0.7723143770769455,1.0,1.0,2,2,tb0472.png,1,0,False,0.4709057087721592,0.0630331458458728,0.1185911203092662,0,0.32283142,0.0469375671145991,0.0896664110429447,0,0.09660111
tb0487,0.5354209143402738,0.6974255845281733,1.0,1.0,1,1,tb0487.png,0,0,True,0.4504233582915293,0.0,0.0,0,0.00494247,0.0260299241647878,0.0507391130643228,0,0.031764243
tb0497,0.8355798472471261,0.9086789786422185,1.0,1.0,2,2,tb0497.png,1,1,True,0.4986412763061204,0.0510667271901951,0.0971712373137551,0,0.25680086,0.0,0.0,0,0.08476644
tb0506,0.23831437019852386,0.3227817035911735,1.0,0.0,2,1,tb0506.png,1,1,True,0.5603738881532808,0.0,0.0,0,0.020122055,0.006444361183964,0.0128061946243764,0,0.027071258
tb0512,0.6165986955767389,0.7305752355756363,1.0,0.5,2,2,tb0512.png,1,0,False,0.4473026262076741,0.0937858566338547,0.17148851590106,1,0.34750482,0.2746425470650943,0.4309326527620903,1,0.32386467
tb0523,0.6734826753014524,0.8033764791140663,1.0,1.0,2,2,tb0523.png,1,0,False,0.4479078695774067,0.0,0.0,0,0.20212434,0.0623020920728571,0.1172963746146595,0,0.1727099
tb0530,0.3926542832486182,0.43987273753915074,1.0,0.5,2,1,tb0530.png,1,1,True,0.508142531055316,0.0514845863531612,0.0979274199952354,0,0.12262118,0.0155237707739976,0.0305729343236662,0,0.121643424
tb0533,0.8819796315206152,0.9372892424005536,1.0,1.0,1,1,tb0533.png,0,1,False,0.5087304207600556,0.0464094535905464,0.0887022827083635,0,0.1240728,0.0208990943038105,0.0409425268773745,0,0.10681198
tb0555,0.0,0.0,0.0,0.0,1,0,tb0555.png,0,1,False,0.5128292837770215,0.0,0.0,0,0.02913343,0.0132154468692255,0.0260861535620296,0,0.05372121
tb0579,0.7731081242057625,0.8720372025276968,1.0,1.0,1,1,tb0579.png,0,1,False,0.5114569270507071,0.0,0.0,0,0.03279425,0.0,0.0,0,0.026102645
tb0587,0.8709871348684473,0.9308823985264363,1.0,1.0,2,3,tb0587.png,1,1,True,0.5897505280276154,0.0,0.0,0,0.063171916,0.0007671891847059,0.0015332021133326,0,0.085907646
tb0595,0.5400233540176289,0.7005506494928486,1.0,1.0,2,2,tb0595.png,1,0,False,0.4753101767605347,0.0976602092820739,0.177942515281571,0,0.26920384,0.049123520244698,0.0936467809495691,0,0.16232266
tb0617,0.7960359951864673,0.8864365717835422,1.0,1.0,1,1,tb0617.png,0,0,True,0.4777305812035464,0.0017574692442882,0.0035087719298245,0,0.021191053,0.0,0.0,0,0.0130643565
tb0618,0.3093014598338398,0.3821832471392594,1.0,0.5,2,1,tb0618.png,1,0,False,0.4649764900244835,0.0776962097104508,0.1441894459874287,0,0.10411099,0.1241152573606399,0.2208230100035394,0,0.14944817
tb0621,0.6619892794899258,0.7966228033589894,1.0,1.0,1,1,tb0621.png,0,1,False,0.5342001428398411,0.1029537671232876,0.1866873665825732,0,0.14361916,0.0710772754833928,0.1327210969933324,0,0.09489402
tb0628,0.6255697259788697,0.7652627882891687,1.0,1.0,2,2,tb0628.png,1,1,True,0.5129523436452198,0.0053474306433675,0.0106379754508258,0,0.082437,0.0594275984019909,0.1121881259118221,1,0.1546715
tb0636,0.0,0.0,0.0,0.0,1,1,tb0636.png,0,1,False,0.5251633515960059,0.0,0.0,0,0.023090003,0.0,0.0,0,0.021723012
tb0637,0.5639358938403272,0.7211752042541243,1.0,1.0,1,2,tb0637.png,0,1,False,0.5127339379107808,0.0,0.0,0,0.040213376,0.0218771482874358,0.0428175702413929,0,0.051783603
tb0664,0.873668849608579,0.932575518658053,1.0,1.0,1,1,tb0664.png,0,1,False,0.500909042141944,0.009713621074471,0.0192403486924034,0,0.056222487,0.0024414633196109,0.0048710341879234,0,0.019755365
tb0680,0.33171595781986646,0.3988332250945096,1.0,0.5,2,1,tb0680.png,1,1,True,0.4972638262495202,0.0302093285850777,0.0586469715364899,0,0.09841754,0.0750145499633088,0.1395600644956277,0,0.16714907
tb0708,0.5184240321697139,0.5778930983281007,1.0,0.6666666666666666,3,3,tb0708.png,1,1,True,0.5471964449000548,0.1370941514445227,0.2411306948863704,0,0.31161729,0.1736085701508314,0.2958542985563225,1,0.31514972
tb0717,0.28360659722837367,0.44140537219991766,0.0,0.0,2,3,tb0717.png,1,1,True,0.5374636558068853,0.0,0.0,0,0.029801536,0.0,0.0,0,0.0022024093
tb0720,0.8304536681516522,0.9073746936083055,1.0,1.0,1,1,tb0720.png,0,0,True,0.4834066123807388,0.0,0.0,0,0.030060297,0.0183520508989251,0.03604264533611,0,0.0401798
tb0726,0.8262191675496188,0.9043975420360344,1.0,1.0,2,2,tb0726.png,1,1,True,0.5993397313122326,0.0446044543507409,0.0853997016094751,0,0.37220654,0.0432913551187816,0.0829899623079936,0,0.24126148
tb0759,0.642786233550259,0.7764501525876579,1.0,1.0,2,2,tb0759.png,1,0,False,0.4758597819961678,0.1152723929813341,0.2067161237142959,0,0.5184486,0.035624035813324,0.0687972364128199,0,0.41287857
tb0783,0.5037347095601962,0.669978163512001,1.0,1.0,1,1,tb0783.png,0,0,True,0.4921561632333813,0.1018276141068963,0.1848340208634802,0,0.19420816,0.1067543888650114,0.1929143266818019,0,0.13996847
tb0787,0.6025985899027342,0.7124802274756186,1.0,0.5,2,2,tb0787.png,1,1,True,0.5178712871383598,0.0,0.0,0,0.018730206,0.0265262195928477,0.051681523738125,0,0.08283065
tb0797,0.0,0.0,0.0,0.0,1,0,tb0797.png,0,1,False,0.5105764481471584,0.0,0.0,0,0.00390829,0.0,0.0,0,0.0026010438
tb0812,0.8378173672982446,0.9117525845671062,1.0,1.0,1,1,tb0812.png,0,1,False,0.5299083289874228,0.0,0.0,0,0.027946187,0.0226109652917283,0.0442220278466855,0,0.044257574
tb0826,0.5496350036639408,0.7086769917658814,1.0,1.0,2,2,tb0826.png,1,1,True,0.5452585877038609,0.0184236630895482,0.0361807443351367,0,0.35901013,0.1240467717336044,0.2207146087743102,0,0.48106834
tb0834,0.4856130110895441,0.5619126446293311,1.0,0.6666666666666666,3,2,tb0834.png,1,1,True,0.5379437706484869,0.1318320255652408,0.2329533404029692,0,0.15299608,0.073500932109826,0.1369368761801996,0,0.122278795
tb0858,0.6952239194234482,0.8196691270196347,1.0,1.0,2,2,tb0858.png,1,1,True,0.4971081811941729,0.0543707856040295,0.1031340897270433,0,0.33808357,0.0642233535279076,0.1206952531440074,0,0.23955822
tb0874,0.3630316661278608,0.4206469824643451,1.0,0.5,2,1,tb0874.png,1,1,True,0.5556827690193876,0.0720296456419362,0.1343799510298142,0,0.21987483,0.0747858410875341,0.1391641724864205,0,0.2087133
tb0881,0.0,0.0,0.0,0.0,3,0,tb0881.png,1,0,False,0.4956109172038185,0.068688531013675,0.1285473344577253,1,0.07613174,0.0245627661197486,0.0479478016027723,0,0.039695326
tb0898,0.0,0.0,0.0,0.0,1,0,tb0898.png,0,0,True,0.4957848379534639,0.036225352112676,0.0699179035502636,0,0.060664006,0.1009087651868017,0.1833190331074884,0,0.08592249
tb0905,0.4555305032992971,0.6259305487129698,1.0,0.0,1,1,tb0905.png,0,1,False,0.4994823852297326,0.0,0.0,0,0.018345889,0.0,0.0,0,0.03954855
tb0915,0.26976838200402503,0.3504539655184414,1.0,0.5,2,1,tb0915.png,1,1,True,0.5260912893954819,0.0006735243693362,0.0013461420791776,0,0.14044797,0.0260629120533826,0.0508017817371937,0,0.14391485
tb0916,0.6046676442114625,0.7536359898483497,1.0,1.0,1,1,tb0916.png,0,1,False,0.5042291093731159,0.0505570395465502,0.0962480620155038,0,0.06354733,0.0,0.0,0,0.014086282
tb0917,0.8502045417095212,0.9190198008285513,1.0,1.0,2,3,tb0917.png,1,1,True,0.5142470255751908,0.0196593896445308,0.0385606994731532,0,0.10266781,0.0,0.0,0,0.04947179
tb0925,0.8102590457757427,0.8951857444562867,1.0,1.0,1,1,tb0925.png,0,1,False,0.4968665977235008,0.0,0.0,0,0.0090775415,0.0,0.0,0,0.035867747
tb0928,0.0,0.0,0.0,0.0,2,0,tb0928.png,1,0,False,0.4942044623683901,0.0633270827752477,0.1191112006852421,0,0.12948829,0.0400047413026729,0.0769318440847959,0,0.12861195
tb0955,0.8663189068088523,0.9283717843164735,1.0,1.0,1,2,tb0955.png,0,1,False,0.5149561655634716,0.023717151013835,0.0463353593135502,0,0.04750726,0.015046339031865,0.0296466051908841,0,0.047635555
tb0974,0.5792651293477272,0.6977597464293495,1.0,0.5,2,2,tb0974.png,1,1,True,0.5044065770703915,0.027208036835496,0.0529747351263243,0,0.09135673,0.0158580390988396,0.0312209747592432,0,0.084557906
tb0983,0.6708924203490467,0.8030348479394004,0.0,1.0,1,2,tb0983.png,0,1,False,0.513804624164926,0.0426469095706891,0.081805085075731,0,0.050520938,0.0084460947825539,0.0167507114683708,0,0.048321534
tb0987,0.171621757543027,0.25553334985880377,1.0,0.0,2,1,tb0987.png,1,0,False,0.4794534752497142,0.0551363900174114,0.1045104510451045,1,0.19570027,0.1299425267498243,0.2299984710259416,1,0.16262965
tb0999,0.21560051004858455,0.30128613244552704,1.0,0.0,2,1,tb0999.png,1,0,False,0.4854974169946973,0.0208436527907114,0.0408361314364458,0,0.27786738,0.2185099657708118,0.3586510933992822,0,0.2991225
tb1015,0.568054286364106,0.7245339543457648,1.0,1.0,1,1,tb1015.png,0,1,False,0.5269509937449857,0.0,0.0,0,0.039492212,0.0,0.0,0,0.050196987
tb1044,0.8036844920402334,0.8911586206866453,1.0,1.0,1,2,tb1044.png,0,0,True,0.4206464330186125,0.0,0.0,0,0.009063491,0.0184026147881569,0.0361401562033203,0,0.042829826
tb1056,0.4365315056564177,0.46611513122609954,1.0,0.5,2,1,tb1056.png,1,1,True,0.5120535912006664,0.0,0.0,0,0.11280446,0.0080402433120751,0.0159522268389952,0,0.07159626
tb1058,0.8063776321003789,0.89281179944944,1.0,1.0,1,1,tb1058.png,0,1,False,0.5755635533310298,0.0180777284690603,0.035513454353323,0,0.054033864,0.0563623789764868,0.1067103109656301,0,0.06709921
tb1060,0.7237992626646909,0.8354468051939634,1.0,1.0,2,2,tb1060.png,1,1,True,0.5008940126778092,0.0970160673297628,0.1768726461152183,0,0.13843754,0.0062005039596832,0.01232458925489,0,0.05357554
tb1067,0.732449886077321,0.8447907223359568,1.0,1.0,2,2,tb1067.png,1,0,False,0.4755617596723021,0.0459761605093655,0.0879105322763307,0,0.14325592,0.0543316265549144,0.1030636380176624,0,0.084361635
tb1078,0.41222102738150984,0.4518872236093615,1.0,0.5,2,1,tb1078.png,1,0,False,0.4471938636014731,0.057235841381018,0.1082745006189982,0,0.14950395,0.0,0.0,0,0.058316685
tb1080,0.6183246577819512,0.7641540339988598,1.0,1.0,1,1,tb1080.png,0,1,False,0.500875376142244,0.032320061501009,0.0626163584460717,0,0.05602696,0.0241389945512491,0.0471400750868317,0,0.043263193
tb1084,0.7905403941026639,0.8830187765731431,1.0,1.0,1,2,tb1084.png,0,1,False,0.5453482709981298,0.0,0.0,0,0.0148166865,0.0,0.0,0,0.036549415
tb1112,0.36984913020576865,0.5399852028233396,1.0,0.0,1,2,tb1112.png,0,0,True,0.4786799618134292,0.0,0.0,0,0.057814647,0.0772583580802758,0.1434351518385132,0,0.06319564
tb1117,0.7464972748808625,0.8547430038732312,1.0,1.0,2,2,tb1117.png,1,0,False,0.4803812186585787,0.091680539201754,0.1679622122215197,0,0.2665962,0.0058026753032066,0.0115383970349002,0,0.11678269
tb1134,0.27426139092209434,0.30092579803989783,1.0,0.3333333333333333,3,1,tb1134.png,1,0,False,0.4749554061422144,0.0457306590257879,0.0874616396317404,0,0.06542592,0.0323519366076917,0.0626761774942763,0,0.054423243
tb1136,0.2926510825899093,0.36920542848904053,1.0,0.5,2,1,tb1136.png,1,0,False,0.4751572433094682,0.1349878197320341,0.2378665521959595,0,0.1929481,0.0024580037952597,0.0049039536538266,0,0.06876875
tb1138,0.889772365465677,0.9416714750682891,0.0,1.0,1,2,tb1138.png,0,1,False,0.5303799845340217,0.0,0.0,0,0.018703422,0.0,0.0,0,0.025246385
tb1174,0.7657488368658677,0.8673360796035303,1.0,1.0,1,1,tb1174.png,0,0,True,0.4542475837582583,0.0741804183889186,0.1381153800963459,0,0.13972302,0.0008040666693923,0.0016068413312271,0,0.06537821
tb1175,0.7677895965213817,0.8647196022164794,1.0,1.0,2,3,tb1175.png,1,1,True,0.5001016593010027,0.0304728489514805,0.0591434291208877,0,0.10316087,0.0277707887784626,0.0540408213225618,0,0.07756746
tb1178,0.3645109235683441,0.4216383085870026,1.0,0.5,2,1,tb1178.png,1,1,True,0.5492300899011147,2.7999440011199776e-05,5.599731212901781e-05,0,0.03638749,0.0347520542814971,0.0671698193547013,0,0.05527567
tb1180,0.6250143648651632,0.7692416490324677,1.0,1.0,1,1,tb1180.png,0,0,True,0.4903141316078326,0.1262639551930233,0.2242173419664909,0,0.15043136,0.0153789717252666,0.0302920823722313,0,0.053592112
tb1186,0.4427074625558963,0.46961276975108984,1.0,0.5,2,1,tb1186.png,1,1,True,0.5027214749411869,0.0159994208354448,0.0314949408579164,0,0.0990253,0.0131206305824569,0.0259014182248243,0,0.05531586
