image_key,YOLO_IoU,YOLO_Dice,YOLO_Pointing,YOLO_LesionRecall50,YOLO_GT_Count,YOLO_Pred_Count
tb0005,0.0,0.0,0.0,0.0,1,0
tb0040,0.7250112265718586,0.8405872557857894,1.0,1.0,1,1
tb0043,0.0,0.0,0.0,0.0,2,0
tb0050,0.31479391074695084,0.38634789312351137,1.0,0.5,2,1
tb0051,0.0,0.0,0.0,0.0,2,0
tb0079,0.7972836987324319,0.8870418691358619,1.0,1.0,2,2
tb0080,0.6811729078183748,0.8103543718204685,1.0,1.0,1,3
tb0083,0.7641816849305113,0.866329915402802,1.0,1.0,1,2
tb0084,0.7242401194369654,0.8400687482825295,1.0,1.0,1,1
tb0085,0.3907853289585207,0.5619635479634479,1.0,0.0,1,1
tb0104,0.6669447208275167,0.7967675139901861,1.0,1.0,2,3
tb0124,0.8604582824135132,0.9249960512925537,1.0,1.0,1,1
tb0128,0.0,0.0,0.0,0.0,1,0
tb0146,0.0,0.0,0.0,0.0,1,0
tb0154,0.0,0.0,0.0,0.0,2,0
tb0163,0.8155875501470764,0.8984282251561018,1.0,1.0,1,1
tb0164,0.36834968522734807,0.538385310719968,1.0,0.0,1,2
tb0166,0.5652289033375999,0.7222316200938275,1.0,1.0,1,1
tb0176,0.8153299185487656,0.8982718901042154,1.0,1.0,1,1
tb0201,0.6513738467853933,0.7887866143091145,1.0,1.0,2,3
tb0212,0.4649074741491277,0.4818156005673925,1.0,0.5,2,1
tb0223,0.0,0.0,0.0,0.0,1,0
tb0239,0.6459266928344627,0.7848790540265284,1.0,1.0,1,1
tb0242,0.8093503652469906,0.8946308916089979,1.0,1.0,1,1
tb0252,0.6994326467161592,0.8231366486546956,1.0,1.0,1,1
tb0283,0.32728665699019,0.39561457231875913,1.0,0.5,2,2
tb0286,0.6587611990926566,0.793138728199905,1.0,1.0,2,2
tb0293,0.4152911351965432,0.45372572641312264,1.0,0.5,2,1
tb0313,0.9085949164443127,0.9521087042786566,1.0,1.0,1,1
tb0321,0.7009522113380902,0.8241880126504803,1.0,1.0,1,1
tb0329,0.8602230105520634,0.9248600900778802,1.0,1.0,1,1
tb0342,0.6097858603063947,0.757598728305804,1.0,1.0,1,1
tb0346,0.5416369134585661,0.7026776651882803,1.0,1.0,1,1
tb0372,0.9446503159009856,0.9715374616986756,1.0,1.0,1,1
tb0376,0.4408648134262143,0.4685740258696457,1.0,0.5,2,1
tb0378,0.3157793127481745,0.387089140179819,1.0,0.5,2,1
tb0380,0.7412521257049937,0.851401258625746,1.0,1.0,1,2
tb0382,0.2095047020305192,0.34643057059439664,1.0,0.0,1,1
tb0390,0.7650834994289641,0.8633061913870854,1.0,1.0,2,2
tb0398,0.8388603620066613,0.9121984999811199,1.0,1.0,2,3
tb0435,0.836973946625911,0.9099078388841235,1.0,1.0,2,3
tb0472,0.6325704621255581,0.7723143770769455,1.0,1.0,2,2
tb0487,0.5354209143402738,0.6974255845281733,1.0,1.0,1,1
tb0497,0.8355798472471261,0.9086789786422185,1.0,1.0,2,2
tb0506,0.23831437019852386,0.3227817035911735,1.0,0.0,2,1
tb0512,0.6165986955767389,0.7305752355756363,1.0,0.5,2,2
tb0523,0.6734826753014524,0.8033764791140663,1.0,1.0,2,2
tb0530,0.3926542832486182,0.43987273753915074,1.0,0.5,2,1
tb0533,0.8819796315206152,0.9372892424005536,1.0,1.0,1,1
tb0555,0.0,0.0,0.0,0.0,1,0
tb0579,0.7731081242057625,0.8720372025276968,1.0,1.0,1,1
tb0587,0.8709871348684473,0.9308823985264363,1.0,1.0,2,3
tb0595,0.5400233540176289,0.7005506494928486,1.0,1.0,2,2
tb0617,0.7960359951864673,0.8864365717835422,1.0,1.0,1,1
tb0618,0.3093014598338398,0.3821832471392594,1.0,0.5,2,1
tb0621,0.6619892794899258,0.7966228033589894,1.0,1.0,1,1
tb0628,0.6255697259788697,0.7652627882891687,1.0,1.0,2,2
tb0636,0.0,0.0,0.0,0.0,1,1
tb0637,0.5639358938403272,0.7211752042541243,1.0,1.0,1,2
tb0664,0.873668849608579,0.932575518658053,1.0,1.0,1,1
tb0680,0.33171595781986646,0.3988332250945096,1.0,0.5,2,1
tb0708,0.5184240321697139,0.5778930983281007,1.0,0.6666666666666666,3,3
tb0717,0.28360659722837367,0.44140537219991766,0.0,0.0,2,3
tb0720,0.8304536681516522,0.9073746936083055,1.0,1.0,1,1
tb0726,0.8262191675496188,0.9043975420360344,1.0,1.0,2,2
tb0759,0.642786233550259,0.7764501525876579,1.0,1.0,2,2
tb0783,0.5037347095601962,0.669978163512001,1.0,1.0,1,1
tb0787,0.6025985899027342,0.7124802274756186,1.0,0.5,2,2
tb0797,0.0,0.0,0.0,0.0,1,0
tb0812,0.8378173672982446,0.9117525845671062,1.0,1.0,1,1
tb0826,0.5496350036639408,0.7086769917658814,1.0,1.0,2,2
tb0834,0.4856130110895441,0.5619126446293311,1.0,0.6666666666666666,3,2
tb0858,0.6952239194234482,0.8196691270196347,1.0,1.0,2,2
tb0874,0.3630316661278608,0.4206469824643451,1.0,0.5,2,1
tb0881,0.0,0.0,0.0,0.0,3,0
tb0898,0.0,0.0,0.0,0.0,1,0
tb0905,0.4555305032992971,0.6259305487129698,1.0,0.0,1,1
tb0915,0.26976838200402503,0.3504539655184414,1.0,0.5,2,1
tb0916,0.6046676442114625,0.7536359898483497,1.0,1.0,1,1
tb0917,0.8502045417095212,0.9190198008285513,1.0,1.0,2,3
tb0925,0.8102590457757427,0.8951857444562867,1.0,1.0,1,1
tb0928,0.0,0.0,0.0,0.0,2,0
tb0955,0.8663189068088523,0.9283717843164735,1.0,1.0,1,2
tb0974,0.5792651293477272,0.6977597464293495,1.0,0.5,2,2
tb0983,0.6708924203490467,0.8030348479394004,0.0,1.0,1,2
tb0987,0.171621757543027,0.25553334985880377,1.0,0.0,2,1
tb0999,0.21560051004858455,0.30128613244552704,1.0,0.0,2,1
tb1015,0.568054286364106,0.7245339543457648,1.0,1.0,1,1
tb1044,0.8036844920402334,0.8911586206866453,1.0,1.0,1,2
tb1056,0.4365315056564177,0.46611513122609954,1.0,0.5,2,1
tb1058,0.8063776321003789,0.89281179944944,1.0,1.0,1,1
tb1060,0.7237992626646909,0.8354468051939634,1.0,1.0,2,2
tb1067,0.732449886077321,0.8447907223359568,1.0,1.0,2,2
tb1078,0.41222102738150984,0.4518872236093615,1.0,0.5,2,1
tb1080,0.6183246577819512,0.7641540339988598,1.0,1.0,1,1
tb1084,0.7905403941026639,0.8830187765731431,1.0,1.0,1,2
tb1112,0.36984913020576865,0.5399852028233396,1.0,0.0,1,2
tb1117,0.7464972748808625,0.8547430038732312,1.0,1.0,2,2
tb1134,0.27426139092209434,0.30092579803989783,1.0,0.3333333333333333,3,1
tb1136,0.2926510825899093,0.36920542848904053,1.0,0.5,2,1
tb1138,0.889772365465677,0.9416714750682891,0.0,1.0,1,2
tb1174,0.7657488368658677,0.8673360796035303,1.0,1.0,1,1
tb1175,0.7677895965213817,0.8647196022164794,1.0,1.0,2,3
tb1178,0.3645109235683441,0.4216383085870026,1.0,0.5,2,1
tb1180,0.6250143648651632,0.7692416490324677,1.0,1.0,1,1
tb1186,0.4427074625558963,0.46961276975108984,1.0,0.5,2,1
