image_name,gt_id,class_id,x1,y1,x2,y2
tb0005.png,0,0,381.83372799999995,126.873344,422.070784,171.43936
tb0040.png,0,0,144.285952,102.36006400000001,247.232256,227.488768
tb0043.png,0,0,316.933376,160.684288,396.289792,247.373568
tb0043.png,1,0,111.93011199999998,106.78963199999998,202.731776,210.0032
tb0050.png,0,0,75.36128000000002,118.517248,180.979712,211.700224
tb0050.png,1,0,377.88032,178.022912,451.900672,236.768768
tb0051.png,0,0,308.72192,67.890432,430.417664,188.262144
tb0051.png,1,0,100.41344000000001,109.0752,227.591168,226.26432
tb0079.png,0,0,340.150016,111.933696,451.669248,236.26214399999998
tb0079.png,1,0,89.09440000000001,60.784384,233.8496,201.57158400000003
tb0080.png,0,0,72.385792,49.21420800000001,236.81305600000002,262.85184000000004
tb0083.png,0,0,285.132544,45.903615999999985,415.736064,234.88639999999998
tb0084.png,0,0,315.26937599999997,108.38886400000001,446.04902400000003,275.763712
tb0085.png,0,0,96.89062400000002,54.70719999999999,225.03347200000002,145.864704
tb0104.png,0,0,288.07347200000004,72.758016,436.08191999999997,287.10528
tb0104.png,1,0,123.071232,94.847744,247.50822399999998,222.145792
tb0124.png,0,0,143.67718399999998,53.594879999999996,232.564992,161.761536
tb0128.png,0,0,105.07187200000001,150.92864,214.640384,206.635776
tb0146.png,0,0,134.521088,144.598528,162.674432,169.160192
tb0154.png,0,0,111.417856,109.40185600000001,208.182784,202.331392
tb0154.png,1,0,283.602432,64.329472,349.914624,127.886592
tb0163.png,0,0,325.772288,129.91232,428.172288,231.451136
tb0164.png,0,0,163.693312,140.459008,212.67481600000002,208.218112
tb0166.png,0,0,104.79872,61.71264,214.25203199999999,167.856896
tb0176.png,0,0,80.375808,140.510976,228.23424,247.177472
tb0201.png,0,0,279.840256,107.60089600000002,395.93216,254.400512
tb0201.png,1,0,121.57977600000001,109.31379199999999,236.135168,238.641408
tb0212.png,0,0,129.163264,57.96736,253.377536,224.536832
tb0212.png,1,0,305.118208,47.813120000000005,387.86764800000003,127.08915200000001
tb0223.png,0,0,112.12902400000002,102.05823999999998,201.075712,177.516288
tb0239.png,0,0,100.58931199999999,71.45497599999999,231.31264,209.018624
tb0242.png,0,0,321.69804800000003,110.64447999999999,450.129664,232.955648
tb0252.png,0,0,151.39379200000002,75.56608000000001,242.75712,222.70771200000001
tb0283.png,0,0,68.26572800000001,83.06739199999998,247.50822399999998,363.376128
tb0283.png,1,0,283.695616,82.560768,471.419392,406.675712
tb0286.png,0,0,121.171968,75.089152,239.67436800000002,172.15564799999999
tb0286.png,1,0,327.310336,55.355392,440.63232000000005,169.66656
tb0293.png,0,0,114.684416,63.82284799999999,251.125248,203.090944
tb0293.png,1,0,397.252864,155.993344,430.74022399999996,187.391744
tb0313.png,0,0,62.452736,45.327616000000006,222.835712,314.40563199999997
tb0321.png,0,0,337.909248,82.25971200000001,475.509248,162.170112
tb0329.png,0,0,273.023232,75.51744,380.309248,190.550528
tb0342.png,0,0,337.145344,192.94208,432.440832,301.00992
tb0346.png,0,0,65.266176,85.755648,215.2832,276.155648
tb0372.png,0,0,297.84832,80.028672,391.460352,183.34003199999998
tb0376.png,0,0,124.193792,27.799808,247.22943999999998,131.79980799999998
tb0376.png,1,0,284.355584,39.35564800000001,394.871808,136.60032
tb0378.png,0,0,68.20505600000001,93.955328,181.98272,204.86323199999998
tb0378.png,1,0,279.045888,80.2816,336.521472,147.130368
tb0380.png,0,0,332.210944,66.86156799999999,453.75206399999996,209.674752
tb0382.png,0,0,94.26867200000001,207.902208,184.52352,275.00390400000003
tb0390.png,0,0,314.667008,115.47878399999999,451.90144,278.80217600000003
tb0390.png,1,0,101.2864,79.775488,227.723776,210.687232
tb0398.png,0,0,143.83641599999999,99.622144,259.964672,215.53331200000002
tb0398.png,1,0,339.39788799999997,141.75539199999997,495.890176,363.977728
tb0435.png,0,0,64.99916799999998,122.31526399999998,227.52486399999998,424.40038400000003
tb0435.png,1,0,289.16224,133.71033599999998,471.749632,411.233792
tb0472.png,0,0,297.24236800000006,94.17267199999999,422.443264,262.633984
tb0472.png,1,0,108.678144,88.57472,250.67417600000002,230.316288
tb0487.png,0,0,148.83584,116.5632,248.05632,194.252544
tb0497.png,0,0,255.254272,26.48320000000001,412.51865599999996,212.50304
tb0497.png,1,0,78.39539199999999,25.465087999999994,233.878528,204.6144
tb0506.png,0,0,81.294848,199.79929600000003,179.795456,316.5312
tb0506.png,1,0,132.95027199999998,142.31936,167.640832,174.477568
tb0512.png,0,0,278.937344,43.55430399999999,406.29785599999997,188.44928
tb0512.png,1,0,101.32659199999999,37.00224,230.69721599999997,253.78304
tb0523.png,0,0,128.51097599999997,57.48889600000001,259.5328,192.244224
tb0523.png,1,0,338.318848,93.57798399999999,443.222528,245.04448
tb0530.png,0,0,281.334016,30.28864,407.60704,185.133312
tb0530.png,1,0,93.11129600000001,43.26656,224.349184,182.644224
tb0533.png,0,0,287.95878400000004,39.31135999999998,464.402688,224.418816
tb0555.png,0,0,314.79679999999996,88.891392,418.015488,187.392
tb0579.png,0,0,102.661888,56.898303999999996,203.799808,175.901952
tb0587.png,0,0,71.93343999999999,85.09312000000001,235.375104,264.622336
tb0587.png,1,0,296.006912,98.26048,419.61344,207.902208
tb0595.png,0,0,291.426304,75.15264,431.80134400000003,292.187904
tb0595.png,1,0,115.259904,121.60588800000001,236.59673600000002,262.234368
tb0617.png,0,0,108.95206400000001,139.28089599999998,186.696192,214.232576
tb0618.png,0,0,311.12140800000003,97.48863999999999,409.765376,197.933312
tb0618.png,1,0,112.538112,78.82239999999999,218.73715199999998,171.088896
tb0621.png,0,0,313.089024,81.33555199999999,452.61926400000004,223.459072
tb0628.png,0,0,111.29343999999999,108.38886399999998,209.37216,223.095296
tb0628.png,1,0,321.09670400000005,65.848576,472.052736,232.969984
tb0636.png,0,0,123.711488,61.30944,249.960448,182.333952
tb0637.png,0,0,122.207488,79.46803200000001,248.73753599999998,226.696704
tb0664.png,0,0,302.052096,63.54099199999999,436.094208,210.79065599999998
tb0680.png,0,0,60.83686399999999,60.328192000000016,204.868608,208.68582400000003
tb0680.png,1,0,237.949952,55.493120000000005,360.351744,184.510976
tb0708.png,0,0,36.363776,86.35904,227.56096,265.381888
tb0708.png,1,0,323.013888,168.147456,460.792576,293.995008
tb0708.png,2,0,275.433216,86.35904,399.78419199999996,165.108736
tb0717.png,0,0,111.22278400000002,110.45913599999999,236.678144,213.26617599999997
tb0717.png,1,0,291.134976,93.664256,385.035776,212.757504
tb0720.png,0,0,112.152064,89.76460800000001,246.296064,197.419264
tb0726.png,0,0,289.456128,89.903872,430.4128,366.161152
tb0726.png,1,0,62.50188800000001,77.24313599999999,259.556352,372.49152
tb0759.png,0,0,72.389632,59.977472000000006,229.52960000000002,359.71097599999996
tb0759.png,1,0,282.41279999999995,51.44422399999999,437.178624,317.044224
tb0783.png,0,0,323.74758399999996,110.66751999999998,495.101184,254.24
tb0787.png,0,0,60.178687999999994,80.85222399999999,195.59296,245.40544
tb0787.png,1,0,269.08262399999995,92.22963200000001,361.596928,212.460544
tb0797.png,0,0,39.79673600000001,360.93542399999995,88.2432,412.3136
tb0812.png,0,0,344.417536,73.951744,471.031552,187.13855999999998
tb0826.png,0,0,65.412608,47.870464,239.390208,350.20851200000004
tb0826.png,1,0,300.126208,53.441023999999985,484.03763200000003,305.643008
tb0834.png,0,0,263.28268799999995,46.468352,367.772672,154.605312
tb0834.png,1,0,115.213056,68.04505600000002,215.62496,147.243776
tb0834.png,2,0,59.655168,166.78963199999998,138.149888,257.411584
tb0858.png,0,0,306.804224,49.666560000000004,449.48224000000005,303.000064
tb0858.png,1,0,110.37952,50.91123200000001,243.34387199999998,371.800064
tb0874.png,0,0,60.043007999999986,49.96454399999999,224.186624,226.64243199999999
tb0874.png,1,0,283.47673599999996,68.25984,426.883328,215.926784
tb0881.png,0,0,135.496192,127.886336,207.64416,194.988032
tb0881.png,1,0,290.65599999999995,75.470848,349.433088,157.00582400000002
tb0881.png,2,0,100.397056,323.114752,155.55276800000001,355.02003199999996
tb0898.png,0,0,133.4912,71.16620800000001,227.722752,141.306624
tb0905.png,0,0,295.08224,104.17049600000001,436.97945599999997,217.2928
tb0915.png,0,0,268.503552,75.723776,402.11814400000003,196.76057600000001
tb0915.png,1,0,55.857152,79.52230399999999,196.29465599999997,258.79808
tb0916.png,0,0,273.54624,51.415552,371.974144,140.293632
tb0917.png,0,0,273.69216,83.40915199999999,437.24748800000003,243.10758399999997
tb0917.png,1,0,60.155648,74.825216,221.273344,239.17311999999998
tb0925.png,0,0,63.03487999999999,82.561024,210.314752,223.601664
tb0928.png,0,0,294.575616,100.33561599999999,421.918208,211.045376
tb0928.png,1,0,139.485952,91.97593599999999,220.389632,172.284672
tb0955.png,0,0,91.342592,43.819008,235.443456,157.005824
tb0974.png,0,0,61.765376,49.389824,210.251008,161.310464
tb0974.png,1,0,350.309632,102.564864,421.21088000000003,169.66656
tb0983.png,0,0,111.516928,22.425856000000003,242.11327999999997,142.217984
tb0987.png,0,0,105.80019200000001,88.333056,215.200256,228.666624
tb0987.png,1,0,290.000128,68.66636799999999,394.000128,177.99987199999998
tb0999.png,0,0,94.68748799999999,120.79616000000001,240.72064,232.210432
tb0999.png,1,0,344.06272,131.431168,483.32416,284.626176
tb1015.png,0,0,105.955328,76.769536,249.55289599999998,266.0544
tb1044.png,0,0,316.21324799999996,134.535168,422.74304,256.029696
tb1056.png,0,0,118.52672000000001,99.5584,240.93824,213.837824
tb1056.png,1,0,293.219584,75.72787199999999,415.991552,235.14112
tb1058.png,0,0,77.543936,125.163264,204.73804800000002,208.512256
tb1060.png,0,0,284.41907199999997,25.139199999999995,388.207616,132.803584
tb1060.png,1,0,112.65587199999999,31.71993599999999,230.331904,113.0624
tb1067.png,0,0,307.99078399999996,155.688704,425.118464,255.467776
tb1067.png,1,0,143.171584,154.94016,253.90387199999998,276.247808
tb1078.png,0,0,308.601088,77.49631999999998,416.361216,217.524224
tb1078.png,1,0,144.448512,72.93875200000001,232.94566400000002,136.74880000000002
tb1080.png,0,0,146.886144,50.908928,240.715264,130.9248
tb1084.png,0,0,320.318208,79.52204800000001,465.01401599999997,196.507392
tb1112.png,0,0,299.76806400000004,113.193984,411.962112,222.70771200000001
tb1117.png,0,0,66.56998399999999,62.817024,206.586112,190.268672
tb1117.png,1,0,282.980352,48.55423999999999,439.714816,201.605888
tb1134.png,0,0,147.22508799999997,65.848576,253.060608,182.83391999999998
tb1134.png,1,0,128.93952000000002,230.18470399999998,161.909248,260.31744
tb1134.png,2,0,358.06464,112.946688,388.54092799999995,138.26816
tb1136.png,0,0,111.02720000000001,84.68889599999999,231.68819200000002,187.08889599999998
tb1136.png,1,0,299.465216,75.266816,411.923968,167.00032
tb1138.png,0,0,89.111808,66.608384,190.419712,142.066432
tb1174.png,0,0,285.64864,53.430272000000016,403.4112,212.39705600000002
tb1175.png,0,0,81.023488,83.6224,215.067136,190.111232
tb1175.png,1,0,287.161856,81.31097600000001,421.637632,300.15564800000004
tb1178.png,0,0,291.27756800000003,167.78752,389.046528,252.693504
tb1178.png,1,0,140.67942399999998,115.340544,212.03328,192.55884799999998
tb1180.png,0,0,310.414336,62.810112000000004,428.084224,189.417472
tb1186.png,0,0,92.39193599999999,112.74956800000001,224.972288,264.670208
tb1186.png,1,0,260.598528,114.53056,365.44128,211.739392
