Method,Metric,N,Mean,Median,SD,CI95_Lower,CI95_Upper
YOLO26,IoU,106,0.5386118394199296,0.6131922779415668,0.27689773151256714,0.48477335122447135,0.5893292666305064
YOLO26,Dice,106,0.6259820760352427,0.7556173590770768,0.30221720567499516,0.5678911384021241,0.6818898055368726
YOLO26,Pointing,106,0.8490566037735849,1.0,0.35969438959810807,0.7830188679245284,0.9150943396226415
Grad-CAM,IoU,106,0.04357432979271456,0.026720686706159,0.05378450435417494,0.03386502257072487,0.05431307927583835
Grad-CAM,Dice,106,0.0788048467319839,0.0520501081620281,0.09236015710593733,0.06124137398833494,0.09679490307782582
Grad-CAM,Pointing,106,0.08490566037735849,0.0,0.28006545249627046,0.03773584905660377,0.14150943396226415
Grad-CAM++,IoU,106,0.036956783142774764,0.019650854545983698,0.04893104296532595,0.028042914106958326,0.04630964167244091
Grad-CAM++,Dice,106,0.06739208150212288,0.0385413415403474,0.0833908360674379,0.052237561054466405,0.08398842719925678
Grad-CAM++,Pointing,106,0.04716981132075472,0.0,0.21300907522352913,0.009433962264150943,0.09433962264150944
