epoch,time,train/box_loss,train/cls_loss,train/l1_loss,metrics/precision(B),metrics/recall(B),metrics/mAP50(B),metrics/mAP50-95(B),val/box_loss,val/cls_loss,val/l1_loss,lr/pg0,lr/pg1,lr/pg2
1,33.4008,1.84926,5.92813,0.02587,0.0015,0.14451,0.00059,6e-05,3.18845,4.78431,0.05297,0.000324324,0.000324324,0.0678919
2,40.4826,1.53381,2.80806,0.02037,0.03516,0.78613,0.31152,0.10163,1.71177,3.6485,0.02232,0.000657407,0.000657407,0.0348916
3,47.5867,1.63961,2.43036,0.02241,0.63754,0.44509,0.52564,0.19944,1.83851,2.75733,0.02364,0.000989479,0.000989479,0.00189038
4,54.5173,1.65624,2.18615,0.02273,0.66027,0.6179,0.6205,0.22151,1.95522,2.20873,0.02674,0.000996569,0.000996569,0.000996569
5,61.5799,1.61276,2.02133,0.02208,0.53008,0.63248,0.5457,0.22203,1.70802,2.28375,0.02205,0.000993906,0.000993906,0.000993906
6,68.6065,1.53676,1.89223,0.02079,0.61002,0.58773,0.58105,0.23156,1.79255,2.19032,0.02361,0.000990489,0.000990489,0.000990489
7,75.5389,1.54009,1.7477,0.02099,0.62089,0.5896,0.54452,0.236,1.80312,2.12197,0.02389,0.000986323,0.000986323,0.000986323
8,82.8149,1.54507,1.64953,0.02102,0.68881,0.56296,0.63024,0.2572,1.82188,2.03707,0.02388,0.000981415,0.000981415,0.000981415
9,89.8858,1.52927,1.58554,0.02047,0.75254,0.57225,0.69604,0.31033,1.76895,1.69405,0.02297,0.000975773,0.000975773,0.000975773
10,96.7133,1.55378,1.47241,0.02103,0.69802,0.61272,0.67231,0.30411,1.86357,1.77282,0.02426,0.000969405,0.000969405,0.000969405
11,104.258,1.54661,1.4198,0.02086,0.72916,0.6185,0.69238,0.29853,1.75137,1.82456,0.02288,0.00096232,0.00096232,0.00096232
12,111.375,1.5294,1.35736,0.02062,0.71998,0.65318,0.69572,0.31317,1.75313,1.7809,0.02307,0.000954531,0.000954531,0.000954531
13,118.412,1.48488,1.27779,0.02014,0.6046,0.56647,0.55483,0.20645,2.01358,1.91906,0.02801,0.000946048,0.000946048,0.000946048
14,125.516,1.46232,1.20838,0.0196,0.60852,0.58382,0.59294,0.24531,1.84937,1.87645,0.02499,0.000936886,0.000936886,0.000936886
15,132.71,1.41203,1.16175,0.01891,0.77512,0.68786,0.71507,0.28048,2.04267,1.5882,0.02836,0.000927057,0.000927057,0.000927057
16,139.886,1.37607,1.10165,0.01842,0.76973,0.62428,0.68036,0.30041,1.96378,1.65997,0.0258,0.000916577,0.000916577,0.000916577
17,147.135,1.41904,1.09305,0.01887,0.72763,0.66403,0.70094,0.32704,1.86884,1.65837,0.02447,0.000905463,0.000905463,0.000905463
18,153.942,1.36173,1.02818,0.01815,0.73042,0.64162,0.70378,0.35608,1.82608,1.59267,0.02362,0.000893732,0.000893732,0.000893732
19,161.346,1.36462,0.95422,0.018,0.7331,0.63509,0.71889,0.32881,1.87986,1.60904,0.02513,0.000881401,0.000881401,0.000881401
20,168.399,1.30313,0.90194,0.01715,0.67925,0.69774,0.71439,0.3139,2.01599,1.53187,0.02755,0.00086849,0.00086849,0.00086849
21,175.447,1.26421,0.87395,0.01642,0.80923,0.56397,0.6615,0.31597,1.90658,1.63209,0.02566,0.000855018,0.000855018,0.000855018
22,182.633,1.25477,0.85895,0.01637,0.69155,0.63006,0.63684,0.28649,1.95643,1.87839,0.02691,0.000841006,0.000841006,0.000841006
23,189.7,1.27465,0.8413,0.01666,0.73436,0.60723,0.649,0.25535,2.03985,1.88098,0.02838,0.000826477,0.000826477,0.000826477
24,196.839,1.29704,0.81915,0.01687,0.74306,0.56647,0.63479,0.24789,2.21264,1.68713,0.03167,0.000811452,0.000811452,0.000811452
25,203.952,1.26218,0.79281,0.01654,0.72112,0.65765,0.67733,0.2891,2.05938,1.48748,0.02809,0.000795954,0.000795954,0.000795954
26,211.092,1.20754,0.72136,0.01566,0.77398,0.63006,0.71166,0.29989,2.05672,1.46327,0.02803,0.000780007,0.000780007,0.000780007
27,218.124,1.19349,0.70137,0.01534,0.82771,0.58318,0.66901,0.2887,1.99794,1.66425,0.02713,0.000763637,0.000763637,0.000763637
28,224.977,1.1323,0.70137,0.01451,0.69406,0.65896,0.67746,0.30415,1.96749,1.6844,0.02646,0.000746868,0.000746868,0.000746868
29,232.2,1.09631,0.66395,0.01398,0.70728,0.7052,0.67955,0.29189,1.99204,1.62305,0.02634,0.000729725,0.000729725,0.000729725
30,239.41,1.09746,0.62774,0.01414,0.84145,0.61272,0.73231,0.31039,2.03427,1.69254,0.02781,0.000712237,0.000712237,0.000712237
31,246.275,1.08131,0.61363,0.01381,0.78359,0.64162,0.70248,0.29671,2.03159,1.6616,0.02758,0.000694428,0.000694428,0.000694428
32,253.416,1.05197,0.57546,0.0134,0.72454,0.68418,0.70612,0.30449,2.05557,1.63665,0.02787,0.000676328,0.000676328,0.000676328
33,260.594,1.00979,0.58962,0.01276,0.77651,0.64162,0.68031,0.32287,2.02925,1.56776,0.02718,0.000657963,0.000657963,0.000657963
